NAME,MOBILE,Street No,City,State,Postal CODE,C_OWNER_EMAIL
Daphnee Strosin,1-888-296-8824,Johns Underpass,Woodrowfort,QLD,65032,priscilla@acme.co
Deontae Balistreri,1-855-949-1346,Dare Court,Goyetteton,ACT,77334,zarah@acme.co
Jaida Kuhlman,855.919.1086,Kaya Summit,Clemmieburgh,WA,14152,kaveen@acme.co
Oswald Labadie,888-300-7315,Shyann Orchard,Gerlachfort,NT,57144,priscilla@acme.co
Leilani Lemke,(844) 745-2886,Crooks Turnpike,New Emmitt,SA,72392,roshel@acme.co
Caleb Johns,1-800-734-5091,Bartell Fords,West Austinville,WA,53810,joshp@acme.co
Alvis Hirthe,1-855-218-0030,Lucienne Parkways,New Brooks,QLD,2193,roshel@acme.co
Delaney Ratke,866-671-9716,Berge Club,Runteton,ACT,59783,kaveen@acme.co
Johnathan Atapattu Liyanage,(94) 6739 4889,SL Rd,Bariston,NW,23810,priscilla@acme.co
Brayan Trantow,877.985.7873,Andreanne Via,South Brando,ACT,22431,mike@acme.co
Juwan Pfeffer,(877) 903-2626,Adams Canyon,Christelleport,SA,31376,priscilla@acme.co
Bobbie Quigley,800-559-2710,Nitzsche Route,Altenwerthborough,VIC,76699,joshp@acme.co
Glennie Leffler,866-859-4162,Prudence Loaf,New Veda,VIC,27862,kaveen@acme.co
Morton Ziemann,800.266.8406,Conn Stream,Willmsmouth,WA,45166,kaveen@acme.co
Carmella Zieme,1-855-313-0774,Maggio Burgs,East Torrance,NSW,57169,zarah@acme.co
Everette Weissnat,(844) 316-3920,Dedrick Squares,East Brando,WA,32313,kaveen@acme.co
Anika Mills,877.333.3423,Keyon Manors,Lilianeland,VIC,73362,zarah@acme.co
Gerardo Wilderman,855-248-2042,Torphy Square,Lake Carymouth,NT,12774,roshel@acme.co
Kamla Janith Hapugolla,(94) 1237 2131,New Street,Josmithyas,NT,23810,joshp@acme.co
Reuben Becker,(888) 852-8092,Mozell Shores,Wardside,VIC,95535,joshp@acme.co
Bettie Funk,1-888-828-2584,Alessandra Course,Hintzside,ACT,73142,joshp@acme.co
Edwin Zieme,1-800-392-2022,Selina Run,Marilynemouth,NSW,28297,mike@acme.co
Nikita Kunde,1-877-642-2783,Beier Branch,New Sherwoodtown,VIC,51225,joshp@acme.co
Carmel Jaskolski,(888) 876-2310,Jaycee Port,Audreystad,SA,54371,priscilla@acme.co
Antone Mertz,(877) 958-4635,Spencer Circle,Juniorhaven,TAS,47568,joshp@acme.co
Selmer Mohr,800.616.8507,Turner Avenue,Heathcotemouth,ACT,73797,kaveen@acme.co
Karelle Mayer,855.963.0203,Stracke Trail,Whiteberg,VIC,2285,kaveen@acme.co
Nikko Schmeler,1-866-817-3305,O'Conner Crest,Joneshaven,TAS,3590,priscilla@acme.co
Omari Wunsch,(855) 683-9930,Casey Mountain,Torranceburgh,NT,73920,john@acme.co
Brenna Kling,800-695-6501,Johns Mill,Milliefurt,VIC,60100,priscilla@acme.co
Timmy Medhurst,866-822-8022,Nicholaus Mission,O'Keefeland,SA,65576,priscilla@acme.co
Nils O,(888) 510-3005,Botsford Parkways,Port Carliville,NT,69588,joshp@acme.co
Garth Rice,800.708.0474,Dach Vista,West Noeliaville,TAS,258,kaveen@acme.co
Talia Grimes,1-888-254-2803,Rempel Grove,New Deonberg,QLD,94900,priscilla@acme.co
Hilario Stanton,888.412.2799,Gutkowski Stravenue,Paucekmouth,NSW,4245,priscilla@acme.co
Orville Nikolaus,844.415.0067,April Mountains,Brandtview,QLD,91109,priscilla@acme.co
Libby Hartmann,844.630.9657,Rae Street,South Ian,VIC,27106,priscilla@acme.co
Gus Wiza,855.363.9403,Isaac Alley,North Oscarfort,WA,21967,roshel@acme.co
Dylan Legros,1-888-312-9599,Logan Turnpike,New Bart,ACT,93546,john@acme.co
Maximillian Pfeffer,1-800-287-7830,Mante Summit,Carolyneburgh,ACT,13079,john@acme.co
Aglae Jacobs,844-491-8006,Wunsch Gardens,Kaneport,QLD,56185,joshp@acme.co
Jackson Bartell,888.978.4701,Cielo Extension,Edytheton,NT,43173,zarah@acme.co
Gabriella Baumbach,(877) 893-8836,Schiller Trafficway,Labadieview,QLD,8111,joshp@acme.co
Clara Bogan,855.933.6329,Thompson Parks,Ornside,VIC,30469,zarah@acme.co
Fae Schamberger,1-877-648-6322,Forrest Village,New Hollie,TAS,25996,zarah@acme.co
Columbus Wuckert,(888) 560-9893,Satterfield Street,East Susanaland,TAS,93716,zarah@acme.co
Jameson Hudson,(888) 783-2292,Hegmann Flats,North Angelica,ACT,83485,kaveen@acme.co
Kenneth Durgan,1-877-237-6946,Anjali Lane,East Stephanborough,TAS,49973,zarah@acme.co
Leatha Spinka,877.294.4859,Norbert Creek,West Violabury,SA,71729,roshel@acme.co
Danielle Lind,888-942-8869,Benton Squares,Winnifredfurt,WA,61847,mike@acme.co
Paul Murphy,(800) 826-7767,Edison Burgs,Maynardbury,VIC,79307,zarah@acme.co
Felipe Kuhn,844-613-6524,Stark Circle,Krajcikton,SA,21845,john@acme.co
Claudia Conn,800.319.6139,Murphy Key,North Benniehaven,NT,3014,john@acme.co
Bettie Runolfsson,855.316.2894,Stracke Green,South Malachi,VIC,2656,priscilla@acme.co
Brice Mitchell,1-877-926-3044,Simonis Greens,Tremblayhaven,VIC,59316,roshel@acme.co
Lonie Hackett,(855) 708-3687,Kamren Ridge,Gusikowskiville,VIC,81510,kaveen@acme.co
Johnathan Lindgren,1-866-703-9776,Walsh Flats,Baileyberg,ACT,26498,roshel@acme.co
Alycia Wehner,(888) 913-1641,Moen Roads,Lake Ima,VIC,26300,joshp@acme.co
Jakayla Robel,800.790.9335,Heathcote Plaza,East Kieran,SA,50629,priscilla@acme.co
Melissa Green,866-404-2551,Okuneva Loop,Lake Madalinemouth,SA,9843,mike@acme.co
Bill Gottlieb,1-866-360-2439,Hodkiewicz Glens,East Griffinchester,TAS,87242,mike@acme.co
Aliyah Hartmann,(877) 854-4788,Martina Mission,DuBuqueborough,WA,67353,john@acme.co
Santa Schowalter,(844) 707-1754,Saul Pines,Nestorton,TAS,96557,mike@acme.co
Aniyah Mohr,(888) 409-1315,White Lights,East Aliyatown,QLD,15385,mike@acme.co
Howard Aufderhar,888.917.2415,Luettgen Crest,New Joannie,QLD,83729,roshel@acme.co
Gilbert Koelpin,877.810.5042,Macejkovic Views,Hertaburgh,NSW,49946,priscilla@acme.co
Emely Hessel,1-800-994-1610,Walter Freeway,Carlottafort,TAS,57822,mike@acme.co
Adrien Swift,866.645.0442,Dorothea Shoal,Mertzside,WA,74163,roshel@acme.co
Dustin Larkin,1-877-463-9177,Hodkiewicz Forges,Grimesport,QLD,42860,john@acme.co
Creola Mraz,877.812.6394,Friesen Shoals,Bauchfort,NT,59333,john@acme.co
Warren Gleason,800-327-7045,Towne Tunnel,East Haylee,WA,92192,joshp@acme.co
Benton Roberts,1-844-393-8627,Moen Flat,Terrillberg,QLD,51821,mike@acme.co
Kennedy Durgan,1-800-367-3462,Leuschke Cape,Lake Brianne,NT,83498,mike@acme.co
Trent Spinka,1-877-740-0839,Carli Center,Juneside,NT,63604,kaveen@acme.co
Rick Cremin,855.674.0458,Cummerata Spur,Lake Johnniestad,SA,63586,john@acme.co
Jaylen Legros,800-243-1399,Alex Crest,Champlinfort,NSW,82454,kaveen@acme.co
Syble Koelpin,800.531.1425,Collin Glens,East Arnaldoborough,QLD,85256,joshp@acme.co
Antwon Fadel,800.556.3611,Spinka Track,North Hesterhaven,NSW,23726,roshel@acme.co
Adonis Pouros,888.771.8327,Alessia Alley,North Pietro,ACT,68029,kaveen@acme.co
Lorenz Schultz,866.733.9628,Ellsworth Mission,North Chelseatown,VIC,50797,priscilla@acme.co
Jolie Nikolaus,866-225-4216,Shyanne Loaf,East Delmerland,WA,41374,mike@acme.co
Zakary Hettinger,(877) 573-4569,Medhurst Parks,Franeckichester,NSW,34452,kaveen@acme.co
Letha Stehr,(855) 298-2057,Eladio Mountains,New Adela,SA,69157,joshp@acme.co
Ara Cormier,(866) 873-4910,Adrianna Manor,Mikelmouth,NSW,63303,priscilla@acme.co
D'angelo,1-877-204-5045,Cale Place,Port Tate,ACT,45218,mike@acme.co
Mara Turner,877-465-8149,Dicki Prairie,West Osbaldo,WA,60396,roshel@acme.co
Amiya Sanford,1-866-766-8817,Roberts Pass,East Friedrich,ACT,18252,john@acme.co
Bailee Harris,1-855-691-2347,Melvin Port,New Anselfurt,WA,46755,mike@acme.co
Kellie Schuppe,(855) 375-6880,Schoen Spur,Einarview,ACT,44109,kaveen@acme.co
Augusta Murphy,1-844-735-2875,Jaeden Roads,Aureliomouth,ACT,17784,joshp@acme.co
Myles Kiehn,1-888-460-3119,Sofia Cape,Altenwerthport,NSW,13020,joshp@acme.co
Junius Gleichner,800.413.8293,Jast Trail,Shaniyamouth,WA,54771,zarah@acme.co
Asha Johnston,1-877-991-6712,Rodriguez Meadow,North Aishafurt,WA,31362,priscilla@acme.co
Gregg Balistreri,(877) 391-5814,Oberbrunner Isle,Faheychester,WA,65377,priscilla@acme.co
Verona Miller,1-866-626-9420,Kuhic Club,Boganhaven,VIC,94137,zarah@acme.co
Louie Berge,844.821.5233,D'Amore Wall,New Irmaburgh,QLD,31246,joshp@acme.co
Rodger Crist,855.445.1040,Euna Lane,Port Zulaberg,NT,53985,john@acme.co
Helene Hirthe,877-367-9310,Emmerich Plaza,Tretown,QLD,63745,zarah@acme.co
Cornell Bruen,1-800-757-4372,Glenda Mills,Port Jolietown,NSW,81822,priscilla@acme.co
Stevie Rogahn,(855) 271-7303,Edmond Street,Quigleyville,SA,5372,john@acme.co
Rosalee D,1-855-731-2418,Daphne Neck,Lake Etha,QLD,7146,roshel@acme.co
Kelly Robel,1-877-803-2430,Williamson Inlet,Molliebury,NT,8264,john@acme.co
Reanna Lind,866-812-2555,Waylon Passage,Lake Claudie,WA,95041,joshp@acme.co
Logan Borer,1-855-755-6544,Naomi Square,South Shanie,SA,56931,kaveen@acme.co
Wilfrid Lemke,844.350.1164,Witting Village,North Lora,SA,41349,john@acme.co
Danielle Kuhn,877.235.2651,Walter Village,Hagenesburgh,TAS,13075,mike@acme.co
Mara Paucek,1-855-361-9239,Mathias Circle,Lakinville,SA,91513,zarah@acme.co
Otilia Ondricka,855.337.8616,Pascale Orchard,Port Adonis,NT,5888,joshp@acme.co
Vicenta Schmitt,800.569.0624,Jaylan Street,Pagacville,SA,37967,joshp@acme.co
Karolann Koss,1-888-825-2100,Lavern Bridge,South Alysonmouth,TAS,77292,zarah@acme.co
Narciso Yost,(888) 491-0850,Doyle Rapid,Beahanmouth,QLD,80301,kaveen@acme.co
Zola Zemlak,1-844-359-5057,Veum Skyway,West Justus,TAS,19701,kaveen@acme.co
Dewayne Will,866.481.0066,Samir Vista,New Richiehaven,SA,6162,joshp@acme.co
Myrna Pagac,855.246.5452,Adella Mount,West Weldonville,WA,19940,zarah@acme.co
Zoila Pollich Jayasumana,(844) 766-4682,Judy Turnpike,Savanahchester,TAS,80516,mike@acme.co
Reid Pollich,1-877-380-1826,Langosh Summit,North Samaraberg,SA,9119,kaveen@acme.co
Shayna Kemmer,1-877-665-3499,O'Conner Mills,Alyciabury,TAS,65655,zarah@acme.co
Brock Moen,877.998.8529,Bogan Rest,Clementinaville,VIC,48220,john@acme.co
Lura Lebsack,866-361-7973,Huel Freeway,Sengerhaven,ACT,11859,priscilla@acme.co
Ned Vandervort,(844) 476-7422,Reece Ridges,Millerhaven,SA,57356,roshel@acme.co
Elda Farrell,1-844-313-6486,Haley Pike,Stantonport,WA,84378,zarah@acme.co
Nannie Nitzsche,(866) 875-3404,Shawna Union,Antonetteport,TAS,98416,kaveen@acme.co
Jaime Hessel,844-786-8944,Schulist Row,Lavernaberg,SA,16183,joshp@acme.co
Francesca Koss,1-800-498-9674,Von Harbor,North Jane,TAS,903,roshel@acme.co
Paige Bernhard,(800) 939-9939,Kianna Island,Luciuston,TAS,51195,joshp@acme.co
Marcelina Shanahan,(800) 458-1568,Lamar Extension,Turcottetown,NSW,68344,zarah@acme.co
Helmer O,855.662.7724,Weber Mountains,Cleohaven,TAS,93125,mike@acme.co
Toy Goodwin,855-980-2172,Funk Walk,West Teresastad,NT,44055,john@acme.co
Sylvan Pollich,855-889-7772,Kamille Overpass,Hintzside,QLD,75154,roshel@acme.co
German Fritsch,855-304-8232,Grimes Mission,Denesikport,SA,83206,mike@acme.co
Perry Greenholt,866-865-3154,Nicolas Brooks,Bartellbury,TAS,45956,mike@acme.co
Jess Hackett,(866) 276-5315,Thiel Roads,East Dorotheaberg,VIC,45367,kaveen@acme.co
Annabel Schroeder,(800) 544-1141,Aurore Mountains,Violettemouth,VIC,6061,kaveen@acme.co
Eloise Becker,866-915-6292,Turcotte Plains,East Marcelbury,NT,99890,roshel@acme.co
Maxwell Monahan,(800) 464-0326,Candido Radial,North Josefina,SA,78561,john@acme.co
Concepcion Volkman,888.595.2061,Agustina Streets,Harveyberg,VIC,48910,kaveen@acme.co
Luz Hamill,855.767.6383,Chyna Vista,Port Lina,SA,32557,kaveen@acme.co
Kareem McGlynn,866-788-4847,Rosemarie Path,Ryanborough,WA,47528,joshp@acme.co
Monte Zemlak,888.653.3218,Tevin Corner,Jailynchester,NT,5709,roshel@acme.co
Kayli Flatley,800-827-8079,Turcotte Gardens,Lake Woodrowside,ACT,68059,john@acme.co
Brant Renner,888-381-1742,Mann Crescent,Lake Adah,ACT,81085,john@acme.co
Kayla Metz,1-855-869-2390,Predovic View,Port Jalenton,TAS,43236,joshp@acme.co
Alycia Crooks,(866) 971-2826,Avis River,Luettgenview,QLD,61157,john@acme.co
Buster Huels,(877) 780-8526,Bashirian Parkways,Lake Dameon,SA,79759,zarah@acme.co
Kennedy Herzog,1-855-382-2065,Grimes Ville,Maximillianton,ACT,25809,mike@acme.co
Agnes Raynor,1-844-426-5253,Muller Key,Port Katharina,ACT,26707,roshel@acme.co
Arnaldo Vandervort,877.642.5043,Becker Causeway,Maybelleberg,TAS,62905,mike@acme.co
Macy Stokes,1-877-695-4074,Schmidt Center,East Faye,ACT,60129,zarah@acme.co
Eldora Kiehn,(844) 293-6976,Hamill Vista,Quigleyborough,WA,98940,roshel@acme.co
Joelle Marvin,855.462.4136,Luther Walks,Lake Nya,TAS,93284,mike@acme.co
Jayme Quigley,1-888-745-6538,Charlie Shore,Hermanntown,NT,59180,roshel@acme.co
Nicolette Simonis Rasaduna,(800) 291-7813,Lydia Plaza,Gianniburgh,SA,84096,priscilla@acme.co
Providenci Marquardt,866.437.0292,Lind Meadow,Lake Reese,SA,60748,zarah@acme.co
Bonita O,888.532.7300,Gottlieb Motorway,Jakubowskihaven,NT,4864,john@acme.co
Adela Green,(855) 642-7227,Tianna Mountains,Port Margretview,QLD,20364,joshp@acme.co
Holden Keeling,(877) 603-4059,Newell Ports,South Martinaburgh,VIC,92985,zarah@acme.co
Kacey O,844.464.5403,Maya Loaf,Okunevamouth,TAS,16286,zarah@acme.co
Lavinia Ruecker,(844) 918-6237,Emmett Crossing,Port Joannie,QLD,62644,priscilla@acme.co
Kayden Kessler,1-866-432-2672,Clemens Falls,Janiyaside,NSW,68961,john@acme.co
Mollie Gerlach,800.960.5805,Funk Route,North Dorthymouth,VIC,30470,roshel@acme.co
Maegan Strosin,(866) 304-6765,O'Hara Circle,Fritschport,VIC,20906,joshp@acme.co
Pascale Dietrich,(800) 484-5798,Deshaun Falls,Madisenmouth,QLD,95574,joshp@acme.co
Annabelle Gislason,844-751-4668,Dora Dale,Masonmouth,TAS,91319,kaveen@acme.co
Donna Franecki,877.273.0303,Ondricka Village,Eleonoreburgh,WA,35378,john@acme.co
Lea Herman,1-844-996-4638,Jast Circle,Considinechester,ACT,86315,joshp@acme.co
Colten Monahan,(877) 226-9776,Benedict Burg,North Camrenfort,NT,476,priscilla@acme.co
Christelle Gibson,855.223.8569,Bernier Village,Gerholdshire,WA,94504,priscilla@acme.co
Pasquale Fay,888-444-2062,Bernadine Village,North Nicola,NT,86441,priscilla@acme.co
Kacie Stiedemann,855-528-0788,Camila Trail,Tatumfurt,VIC,44219,zarah@acme.co
Alexander Streich,800-229-0389,Marquardt Turnpike,Lake Asia,SA,20142,mike@acme.co
German Roberts,1-855-613-4863,Lionel Motorway,Balistrerishire,VIC,46264,joshp@acme.co
Noemy Osinski,1-855-805-6576,Ankunding Crescent,New Fabianfurt,ACT,54999,john@acme.co
Reina Macejkovic,800-243-0672,Carlie Locks,South Jeffreyburgh,NT,93313,john@acme.co
Mauricio Eichmann,866.736.3304,Towne Drives,South Earlland,QLD,72006,mike@acme.co
Everette Schaden,1-800-882-0053,Collins Streets,Lake Nicolasfurt,TAS,70037,roshel@acme.co
Iva Abernathy,(866) 764-0503,Durgan View,New Benedictbury,WA,28752,roshel@acme.co
Rosa Ankunding,888.623.2763,Araceli View,Sporertown,WA,82132,priscilla@acme.co
Carlee Gerhold,1-844-710-8017,Heller Inlet,Watsicaton,WA,18049,zarah@acme.co
Otho Stamm,855-438-4503,Nico Forest,North Mohammadchester,QLD,63118,john@acme.co
Tiffany Morar,866-528-7764,Rempel Shore,South Reynoldborough,TAS,82002,kaveen@acme.co
Alisha Deckow,877-348-6018,Feest Summit,Darronfort,QLD,20548,mike@acme.co
Jamel Roberts,855-226-6233,Farrell Knoll,Kertzmannton,ACT,34765,john@acme.co
Darien Krajcik,1-888-261-1810,Cassidy Burgs,Sydneefort,TAS,72799,zarah@acme.co
Quinten Towne,844-500-3072,Reilly Lakes,Port Darbyport,NSW,2035,priscilla@acme.co
Kailey Wehner,1-866-203-8782,Mills Squares,Lake Demarco,NT,33140,joshp@acme.co
Hobart Lindgren,1-844-798-8651,Greenholt Glen,Hegmanntown,SA,95527,john@acme.co
Domenic Armstrong,855-958-4308,Skiles Ferry,New Stephanfurt,ACT,26176,john@acme.co
Zetta Thompson,(800) 725-5745,Arnoldo Orchard,Port Devonshire,ACT,12375,priscilla@acme.co
Mabel Anderson,888-963-0211,Faye Isle,East Haleigh,QLD,48616,kaveen@acme.co
Rupert Mante,855-706-7637,Jamel Valley,West Madalynchester,WA,25065,zarah@acme.co
Josie Yundt,1-866-772-8756,Barrows Unions,Aliaborough,ACT,68673,kaveen@acme.co
Lura Nader,800-993-6773,Jenifer Squares,Dietrichburgh,QLD,23832,joshp@acme.co
Tyler Daugherty,1-866-373-1132,Kertzmann Islands,Icieberg,ACT,61992,mike@acme.co
Tyson Weissnat,855-482-9702,Jonatan Island,New Cadeport,TAS,56253,zarah@acme.co
Flo Smith,(877) 403-8926,Kuhlman Hills,Norabury,SA,59821,mike@acme.co
Enrique Daniel,1-866-436-4535,Marianne Land,Ralphview,SA,9556,joshp@acme.co
Randal Hansen,(855) 912-5069,Metz Mountain,New Delta,VIC,10809,zarah@acme.co
Adrian Quitzon,855-647-3552,Chester Fields,Vinniebury,QLD,17823,mike@acme.co
Korey Balistreri,844-728-5117,Mosciski Forks,Blickmouth,WA,44011,kaveen@acme.co
Jack Bailey,866.926.9032,Denesik Ford,Mohrville,NT,32641,priscilla@acme.co
Kayla Luettgen,866-445-3858,Rutherford Common,Lake Rogers,SA,34134,zarah@acme.co
Eldridge Barton,877-359-8747,Schmidt Gardens,Port Isaiahshire,TAS,61010,kaveen@acme.co
Royal Osinski,(800) 677-8573,Rashawn Islands,New Mattie,TAS,93236,joshp@acme.co
Jaden Mante,(844) 961-4358,Hazle Vista,Stefanietown,NSW,97748,mike@acme.co
Melyna Aufderhar,844-678-2434,Koss Parks,Leliaville,NSW,97075,roshel@acme.co
Willow Blanda,1-855-408-4642,Bergnaum Viaduct,Jakubowskiborough,SA,31759,roshel@acme.co
Wanda Schoen,1-877-849-5767,Greenholt Place,Port Griffin,WA,69758,zarah@acme.co
Jewel Lang,1-877-549-1915,Price Forge,Reichelberg,WA,74257,roshel@acme.co
Delbert Schmeler,844.519.9564,Curtis Via,Conroyport,NSW,45374,roshel@acme.co
Milo Bogisich,877.418.7676,Briana Walk,Fannymouth,ACT,44481,joshp@acme.co
Kayden Berge,(888) 776-2537,Tatum Glens,Cartwrightborough,VIC,5345,zarah@acme.co
Zetta Hilpert,844.302.2962,Cleta Forges,East Trey,QLD,20806,zarah@acme.co
Elliott Schiller,1-888-871-5089,Lynn Viaduct,West Leopoldo,VIC,74740,roshel@acme.co
Jakayla Grimes,888-228-5540,Madyson Highway,Port Kaitlin,TAS,13972,kaveen@acme.co
Noemy Hintz,844.506.6261,Mack Groves,Bradtkeberg,SA,75113,joshp@acme.co
Toney Langosh,800-533-1715,Quigley Stream,North Maiya,SA,59772,priscilla@acme.co
Alexandre Wisoky,888-894-0557,Emilio Skyway,Maximeside,SA,98941,priscilla@acme.co
Imani Kuhn,1-855-297-7337,Greenfelder Inlet,New Jarvis,TAS,94900,kaveen@acme.co
Cory Cummings,(866) 747-3132,Crona Avenue,Fernandoport,VIC,83904,joshp@acme.co
Laron Grant,(800) 666-1913,Stark Falls,Russelmouth,NSW,49819,mike@acme.co
Anastasia Kemmer,1-844-990-1139,Hammes Spurs,Ransomburgh,VIC,25642,mike@acme.co
Darryl Skiles,855.576.8419,Erdman Shores,South Claudberg,NT,64647,kaveen@acme.co
Laron Jakubowski,855-680-2565,Cindy Plain,Alexfurt,WA,18599,kaveen@acme.co
Margaret Deckow,1-855-537-6283,Reichel Viaduct,Ansleyton,QLD,57163,roshel@acme.co
Gennaro Rogahn,855-220-8688,Ellis Port,East Dedrick,SA,90222,john@acme.co
Alysa Welch,844.574.9721,Concepcion Fort,Kutchfurt,ACT,28660,mike@acme.co
Julianne Ernser,1-855-208-4055,Kemmer Circles,Jedidiahhaven,NT,52539,joshp@acme.co
Hilma Aufderhar,(877) 546-0828,Jovan Overpass,South Janice,SA,87320,priscilla@acme.co
Akeem Hintz,877.385.3004,Darrion Underpass,Port Hollis,NT,2641,zarah@acme.co
Roel Kunze,(855) 217-8975,Cole Walk,West Emmett,QLD,95993,roshel@acme.co
Oma Willms,888-581-5350,Virginia Row,Kozeyton,ACT,37642,mike@acme.co
Maverick Feeney,877-587-4206,Nayeli Cape,Beulahtown,WA,7404,mike@acme.co
Paige Kassulke,(855) 888-3342,Goodwin Flats,North Raina,ACT,55023,zarah@acme.co
Savion Powlowski,(844) 579-7851,Melyna Trace,Johnsbury,ACT,98262,zarah@acme.co
Jena Beier,877.399.9604,Elmo Valley,North Parkerview,NT,4406,joshp@acme.co
Kiarra West,1-800-584-0092,Bell Dale,New Aurelia,TAS,41202,joshp@acme.co
Harrison Heller,888-983-5910,Heidenreich Corners,Streichview,VIC,30847,priscilla@acme.co
Alba Gusikowski,888.489.5310,Katarina Ridges,Wittingville,NT,47480,priscilla@acme.co
Randy Corwin,888-200-2274,Adelle Skyway,New Lindsayton,NSW,30066,mike@acme.co
Winston Ebert,800.504.6286,Myah Prairie,Wardchester,TAS,28205,mike@acme.co
Harmony Zboncak,1-800-809-6895,Price Field,Port Julie,NSW,96573,john@acme.co
Luis DuBuque,(844) 628-3648,Bertrand Cliff,Port Brodyberg,QLD,14432,john@acme.co
Garry Rau,1-800-220-3548,Rick Trail,Patriciamouth,QLD,44947,priscilla@acme.co
Raphael Russel,(844) 792-9195,Stoltenberg Square,Grantshire,NSW,21781,kaveen@acme.co
Halle Sawayn,1-844-788-5481,Lind Cliffs,Wunschbury,ACT,44302,john@acme.co
Zula Tillman,1-877-783-8922,Schmidt Glens,Javierburgh,NT,90570,mike@acme.co
Madisyn Volkman,(866) 626-0231,Gino Isle,East Casimer,VIC,76143,roshel@acme.co
Myrl Reinger,1-877-368-3981,Kianna Pike,Loweland,TAS,23250,joshp@acme.co
Candice Rosenbaum,1-855-557-3523,Reyna Street,South Celestinotown,SA,7731,john@acme.co
Deondre Brown,(844) 524-7996,Cindy Bridge,Lockmanshire,TAS,86271,joshp@acme.co
Matilde Leuschke,(888) 792-5090,Nadia Walk,South Donnatown,TAS,75833,zarah@acme.co
Guadalupe Oberbrunner,866-854-7540,Carroll Ways,Krisshire,SA,95315,john@acme.co
Fannie Klein,(888) 728-7257,Luther Crossing,North Chesleyfort,VIC,90173,roshel@acme.co
Tressie Durgan,(800) 474-5891,Elmira Roads,Isaiahshire,SA,73080,joshp@acme.co
Dina Purdy,855-526-8067,Lockman Square,Shanieville,SA,4477,zarah@acme.co
Arianna Koss,855.306.0565,Marquise Lodge,Gorczanyport,TAS,30300,joshp@acme.co
Valentine Hagenes,844-506-4954,Morissette Hollow,Strackeview,NT,77248,joshp@acme.co
Rudy Kutch,1-866-652-0302,Rohan Parkway,Darrionview,TAS,92529,joshp@acme.co
Reba Rath,1-877-863-4514,Hoeger Springs,New Carmellaview,TAS,42498,mike@acme.co
Maximilian Walsh,855-751-2866,Linwood Freeway,Port Ignaciobury,NSW,64301,roshel@acme.co
Hermina Miller,(844) 714-9995,Roxanne Crescent,New Carolyne,QLD,30007,mike@acme.co
Genoveva White,855.941.2720,Duncan Run,West Ova,QLD,34310,mike@acme.co
Hank Lynch,1-866-614-6639,Manuel Rapid,South Robertaland,SA,7809,zarah@acme.co
Deondre Robel,855.779.3762,Murray Mews,Geraldland,NSW,96914,kaveen@acme.co
Mafalda Yundt,888-607-3624,Pietro Isle,New Cleveland,SA,50072,priscilla@acme.co
Westley Mann,844.921.9382,Jones Branch,West Gonzalo,QLD,83194,zarah@acme.co
Josefina Schuster,(844) 995-6771,Ava Ridges,Fadelside,VIC,71773,mike@acme.co
Darian Jerde,(800) 612-5637,Kreiger Street,Lake Maudfurt,TAS,44664,kaveen@acme.co
Faustino Swift,844.709.9115,Devan Locks,Koeppburgh,NT,56926,priscilla@acme.co
Trevion Predovic,(888) 938-2678,Alvena Lane,Port Moriah,WA,12699,kaveen@acme.co
Allen Hauck,1-844-590-4287,Mae Harbor,North Carmella,QLD,61068,kaveen@acme.co
Emilia Heidenreich,888.766.6622,Fay Lane,East Gerard,QLD,21862,zarah@acme.co
Elna Streich,1-844-827-2896,Cornell Mission,Domenickberg,TAS,50718,mike@acme.co
Drew Beatty,(855) 422-1805,Welch Mountains,Deltaton,NT,79230,priscilla@acme.co
Clare Aufderhar,866.515.5079,O'Conner Mountain,South Bailee,ACT,57456,john@acme.co
Rosalind Brakus,877.637.7052,Amaya Parks,Port Niko,ACT,78846,john@acme.co
Hugh Mante,855-368-9475,Kayden Shoals,Harrisshire,WA,71116,priscilla@acme.co
Norval Baumbach,(844) 839-8230,Crystal Mountains,North Melyssa,VIC,35001,kaveen@acme.co
Heaven Harris,(855) 395-4766,Fiona Island,North Makaylamouth,NSW,82457,zarah@acme.co
Webster Stokes,(855) 413-8547,Glover Wells,Casperside,SA,67766,priscilla@acme.co
Aric McClure,844.962.2448,Neha Stravenue,North Gay,NSW,75138,john@acme.co
George Robel,877-291-0902,Verna Mountain,New Francescahaven,VIC,74254,mike@acme.co
Reed Deckow,(844) 970-2055,Lehner Crossroad,West Providenciberg,WA,4251,joshp@acme.co
Paige Bauch,877-578-2636,Saul Ports,Lake Tiffany,VIC,84117,roshel@acme.co
Dallin Cormier,(800) 626-4627,Augustus Common,Lake Naomie,SA,77923,john@acme.co
June Heaney,855-480-5330,Rosanna Green,West Jeanette,VIC,99885,kaveen@acme.co
Era Waters,855-750-5086,Tremayne Extensions,West Aaronville,NSW,66185,kaveen@acme.co
Lauren Murazik,1-844-968-3943,Crist Glens,North Arnulfo,ACT,4336,priscilla@acme.co
Buford O,(866) 742-6340,Laisha Street,North Adrielstad,SA,44841,zarah@acme.co
Laisha Yost,844-492-3602,Kozey Gardens,Conniechester,NSW,94852,roshel@acme.co
Cathryn Rowe,1-844-441-5205,Sofia Orchard,West Jerodview,NT,43936,john@acme.co
Erin Gislason,855-750-3733,Kareem Alley,Wittingberg,WA,53949,mike@acme.co
Collin Ritchie,1-877-508-6375,Joel Groves,Leonormouth,VIC,47528,mike@acme.co
Constantin Stroman,888.296.6453,Lydia Station,South Irvinghaven,ACT,85230,zarah@acme.co
Julianne Parisian,1-888-297-9020,Daron Crossroad,Darrylfurt,ACT,57104,kaveen@acme.co
Aryanna Dach,844.780.8769,Harris Key,Lake Otto,WA,74931,mike@acme.co
Darrell King,877-625-0537,Bernier Center,Lake Susie,ACT,17066,joshp@acme.co
Ali Rice,1-888-639-5605,Diamond Prairie,New Coletown,ACT,62960,zarah@acme.co
Elvis Walsh,844-633-4136,Kyla Path,South Angelinaville,TAS,51851,roshel@acme.co
Asa Zieme,844.393.0532,Conroy Island,South Judson,NT,22797,roshel@acme.co
Vicky Gutmann,800-944-6588,Rau Pass,Abernathyborough,SA,4722,joshp@acme.co
Zula Quitzon,1-844-891-4727,Rylee Pass,Rhodastad,WA,82866,zarah@acme.co
Laverna Bailey,844-931-0197,Darrin Crossing,Lake Janie,TAS,69024,john@acme.co
Salma Huel,866.885.1426,Josh Mission,North Wyman,TAS,47851,roshel@acme.co
Marlene Hettinger,1-888-391-3919,Ahmad Branch,Padbergchester,QLD,85379,priscilla@acme.co
Helga Lehner,1-800-650-4517,Orn Mall,South Mikefurt,QLD,65174,roshel@acme.co
Euna Witting,(855) 699-3185,Zita Divide,Lindland,NSW,63342,priscilla@acme.co
Kenneth Abbott,1-800-266-8918,Buddy Parkways,Zorachester,QLD,88727,priscilla@acme.co
Gilberto Lowe,(866) 233-7288,Brenda Spur,Port Henry,QLD,41749,joshp@acme.co
Serena Glover,855.871.9557,Lyda Pine,Macejkovicville,TAS,85386,joshp@acme.co
Catharine Wolff,(866) 434-7793,Elsa Alley,Vancechester,SA,50790,priscilla@acme.co
Bridgette Miller,844-797-5587,Krajcik Crescent,Maximilianville,WA,58940,john@acme.co
Brandy Cormier,(800) 485-9081,Crona Port,Immanuelmouth,SA,68714,priscilla@acme.co
Porter Beer,855.834.8034,Zulauf Lodge,Wizaville,NSW,84858,joshp@acme.co
Arnold Hartmann,1-844-390-1464,Jenkins Mill,Constanceland,NSW,53516,zarah@acme.co
Khalil Stiedemann,855-714-6793,Ruben Mountain,New Ashleighchester,WA,71685,roshel@acme.co
Henderson Gibson,844-988-1486,Aufderhar Plain,Port Eulahville,ACT,48511,kaveen@acme.co
Bryon Maggio,(888) 365-8491,Erna Port,West Colehaven,NSW,8331,john@acme.co
Una Romaguera,877.382.5045,Fadel Views,Lakinside,NT,47729,kaveen@acme.co
Larry Terry,1-866-226-2826,Nigel Station,West Tateberg,TAS,76575,mike@acme.co
Maxie Konopelski,1-866-656-8152,Dedric Island,New Lafayetteside,TAS,79151,roshel@acme.co
Coby Berge,844.517.1075,Jarret Wall,Considineberg,ACT,92744,zarah@acme.co
Zella Rempel,888-396-7748,Cleo Roads,Erynmouth,TAS,20544,mike@acme.co
Stanford Goyette,(855) 369-9320,Wolff Brook,East Keaton,NT,16623,roshel@acme.co
Katelynn Huels,1-877-899-8396,Juliana Port,Moorehaven,VIC,66513,priscilla@acme.co
Kade Beatty,877.882.5154,Darby Expressway,Lake Ashley,ACT,13381,priscilla@acme.co
Hermina Robel,855.528.1223,Kunze Garden,West Estefania,NT,61200,john@acme.co
Margot Von,877-338-0690,Jakubowski Rapids,West Maxwell,QLD,47556,joshp@acme.co
Bertram Veum,1-844-794-3987,Barry Underpass,East Twila,SA,8452,kaveen@acme.co
Lexus Fritsch,877-626-5106,Kirlin Gardens,Lake Lindseychester,ACT,53701,mike@acme.co
Erich Ratke,844.802.3428,Mraz Station,Lake Crystel,QLD,3083,zarah@acme.co
Adeline Wiza,1-800-230-5429,Schmidt Stream,West Arnoldville,ACT,28969,mike@acme.co
Isobel Mayert,1-888-708-6954,Lorna Falls,Lilafort,NSW,39077,john@acme.co
Regan Hermann,855-699-0055,Gardner Square,East Dino,NSW,19292,zarah@acme.co
Raphael Okuneva,800-209-6680,Britney Mountain,Lake Waino,TAS,65288,mike@acme.co
Aileen Gorczany,1-800-530-6230,Jayme Trail,Lake Rebamouth,QLD,68254,joshp@acme.co
Joan Spencer,877.888.9099,Sawayn Ford,East Gudrunmouth,VIC,54931,john@acme.co
Luther Fadel,866.740.2078,Rice Passage,Kennithport,TAS,78741,joshp@acme.co
Kirsten Cronin,866.741.4622,Keon Street,New Afton,VIC,65121,joshp@acme.co
Nick Gerlach,(855) 293-2624,Vita Courts,Port Walton,QLD,95833,kaveen@acme.co
Idella Hills,888.930.2578,Camryn Prairie,Port Heloise,SA,25533,mike@acme.co
Sonya King,1-855-534-2187,Estevan Islands,Sporerport,VIC,95030,joshp@acme.co
Malika Kris,844.273.6774,Jonathon Viaduct,New Dejaland,ACT,86792,roshel@acme.co
Breana Konopelski,877-723-4936,Gusikowski Plaza,Jamaalbury,ACT,67089,joshp@acme.co
Leola Schaefer,877-542-3543,Renee Pike,Kreigerland,WA,55106,joshp@acme.co
Hallie Metz,(888) 390-7436,Frederik Knoll,Omariberg,NT,51491,mike@acme.co
Daniella Ernser,1-888-534-9270,Barton Square,Port Janessa,SA,12786,kaveen@acme.co
Kelton Spencer,1-844-847-6952,Chaya Points,East Letachester,VIC,53065,roshel@acme.co
Saige Lubowitz,(855) 246-5853,Wisoky Ridge,Marquardtmouth,ACT,48481,priscilla@acme.co
Edwardo Grant,866-436-5934,Dorris Fields,South Audreanneberg,WA,36663,mike@acme.co
Sibyl Ernser,(877) 972-7071,Travon Plain,New Mandy,NT,63090,roshel@acme.co
Theron Treutel,(844) 597-0940,Ryan Well,Lake Justus,VIC,70596,mike@acme.co
Linnea Becker,(844) 419-5231,Mckenna Ways,South Maverickfort,ACT,2476,mike@acme.co
Foster Dietrich,(800) 239-0849,Bernier Trafficway,Terrenceview,SA,25555,zarah@acme.co
Ralph Bahringer,844.667.6600,Jay Key,East Kamille,TAS,61992,mike@acme.co
Abigayle Hagenes,800-219-7135,Mathew Walk,Gulgowskiburgh,ACT,52313,john@acme.co
Jane Friesen,(877) 761-7981,Kennedy Pike,South Felicitaview,TAS,18018,joshp@acme.co
Telly Haley,877.869.2730,Dillan Plains,South Darby,TAS,52934,mike@acme.co
Jamarcus Rippin,(866) 962-0838,Pat Ville,Bechtelarside,NSW,92956,mike@acme.co
Karine Pagac,1-877-398-6214,Yost Fields,Lake Carter,NT,82567,john@acme.co
Markus Strosin,866-633-1996,Hanna Pass,Paucekside,ACT,66996,john@acme.co
Alfonzo Gleichner,866-657-2713,Legros Mall,Tadborough,QLD,8093,john@acme.co
Reba Bins,844-509-1030,Kieran Drive,Ziemeberg,NT,11724,mike@acme.co
Joaquin Hudson,1-844-258-5190,Streich View,Giannifurt,SA,21153,mike@acme.co
Andre Volkman,844-892-0069,Pollich Locks,Kassulkebury,WA,93545,roshel@acme.co
Bruce Koss,866-420-0457,Armstrong Springs,West Lillieburgh,VIC,56600,zarah@acme.co
Marjory Swaniawski,866-809-5140,Jaquelin Mall,West Shermanland,VIC,30368,mike@acme.co
Pinkie VonRueden,877.891.7064,Kaylie Mill,New Holly,VIC,15502,priscilla@acme.co
Neoma Murray,(877) 393-6632,Emely Estate,Port Harry,NSW,80399,john@acme.co
Luna Goyette,855.809.6940,Howe Ridge,Karinaberg,QLD,35141,kaveen@acme.co
Rubye Hagenes,800-987-3848,Elian Viaduct,Jaskolskitown,SA,24880,roshel@acme.co
Eve Lubowitz,866.923.6464,Abby Walks,Gerardport,QLD,61518,priscilla@acme.co
Bertrand Collier,866-671-4276,Gottlieb Pike,McGlynnborough,QLD,83457,mike@acme.co
Avery Fritsch,866-368-0709,Metz Court,Nettiehaven,QLD,94847,zarah@acme.co
Darian Ernser,(866) 756-9935,Beier Manor,Lake Raymond,TAS,56124,kaveen@acme.co
Audie Zieme,1-844-651-8997,Christiansen Place,Jeremyview,QLD,35600,roshel@acme.co
Paxton Wehner,(855) 248-8817,Wilkinson Well,Gailborough,WA,47409,kaveen@acme.co
Marcelino Gleason,(888) 365-1274,Cora Plaza,Dewaynechester,QLD,85598,roshel@acme.co
Robbie Nikolaus,(800) 873-8251,Ritchie Route,Yadiramouth,NSW,6660,kaveen@acme.co
Gabrielle Brekke,(844) 915-5861,Don Junctions,Lake Melodyport,QLD,70250,joshp@acme.co
Alessandra Marvin,(800) 423-7946,Harley Gateway,West Ulicesbury,QLD,1159,john@acme.co
Maiya Padberg,888.636.1632,April Centers,Leonorfurt,NT,78985,kaveen@acme.co
Lloyd Hartmann,844-690-2972,Botsford Field,Port Lou,TAS,43954,mike@acme.co
Shawna Shanahan,877-676-7472,Hodkiewicz Lane,Garrettstad,TAS,90674,roshel@acme.co
Cristopher Green,888.517.3074,Karelle Route,North Adolfoton,WA,96439,roshel@acme.co
Cali Bechtelar,866-299-1100,Shanahan Knolls,Millsburgh,SA,30252,joshp@acme.co
Jennie Langworth,800-629-3967,Rodriguez Inlet,New Santinomouth,SA,77905,zarah@acme.co
Gay Zemlak,1-844-796-8542,Nicolette Islands,Wardberg,WA,60661,priscilla@acme.co
Rowland Murphy,1-888-932-6023,Terrell Ferry,West Lorenzastad,ACT,68072,john@acme.co
Darion Upton,855.618.1562,Clara Plains,Dominiqueview,TAS,19822,john@acme.co
Candice Zulauf,(800) 392-1521,Kristin Squares,West Heatherhaven,SA,57347,zarah@acme.co
Juwan McDermott,1-844-403-7983,Delbert Junctions,Grahamshire,WA,95898,roshel@acme.co
Maci Rosenbaum,866-265-5388,Dooley Bypass,Dooleyberg,WA,43133,priscilla@acme.co
Brooke Ledner,(866) 442-3010,White Way,Kreigershire,WA,27274,john@acme.co
Dalton Considine,877.828.1393,Russel Mission,South Genevieve,NSW,79580,zarah@acme.co
Kallie Macejkovic,(800) 376-2145,Frances Hollow,O'Connelltown,NSW,52932,joshp@acme.co
Juliana Gleason,1-877-850-8996,Howe Terrace,Hermistonmouth,TAS,87826,john@acme.co
Helene Schmidt,866-445-9351,Lowe Fork,Talonport,VIC,7094,john@acme.co
Odie Bechtelar,1-844-672-8471,Helena Squares,Lake Isabellaville,VIC,33799,mike@acme.co
Blake Wilderman,877.471.0942,Mckayla Estate,Marialand,NT,75016,zarah@acme.co
Will Gerlach,1-888-907-9117,Nolan Mill,Vernaport,QLD,47782,zarah@acme.co
Colten Stroman,866.798.0563,Jacobson Lodge,Rupertborough,ACT,76401,mike@acme.co
Effie West,888-627-8515,Aric Brooks,Isaiaston,QLD,82016,john@acme.co
Lelia Kub,(877) 201-0842,Cummerata Mountains,Port Cloyd,NSW,7191,joshp@acme.co
Edna Boehm,(800) 356-1651,Schmeler Extension,Elyseview,TAS,61602,john@acme.co
Lowell Gleason,877.253.5216,Mueller Heights,West Letitia,VIC,394,john@acme.co
Kylee Trantow,844.344.6396,Fidel Point,Hansenton,ACT,67047,joshp@acme.co
Ephraim Bins,1-866-829-0525,Osinski Place,Kshlerinport,VIC,74147,john@acme.co
Cloyd Pfeffer,888.717.0423,Lynch Way,New Anabel,WA,81023,mike@acme.co
Verona Johns,844.605.3079,Huels Ford,West Mikelburgh,NSW,80940,kaveen@acme.co
Lia Waters,800.450.6846,Erdman Springs,South Heidimouth,ACT,65105,priscilla@acme.co
Chanelle Littel,1-844-785-2298,Streich Stream,South Geoffreyfort,TAS,53576,mike@acme.co
Electa Paucek,1-877-373-8789,Davin Extension,Danialton,NT,18765,mike@acme.co
Vita Kozey,(866) 230-8468,Aufderhar Loaf,East Elsie,NSW,14913,zarah@acme.co
Dayana Stanton,855-280-5479,Altenwerth Point,Alexaneside,VIC,35308,john@acme.co
Emmet Jacobs,1-855-446-3827,Rogahn Views,Port Erling,QLD,48320,zarah@acme.co
Dell O,1-800-830-3064,Macey Extensions,Mannshire,SA,83476,john@acme.co
Janelle Pagac,855-969-0670,Sanford Estates,Jaceystad,SA,80039,zarah@acme.co
Terrill Barton,866.958.1864,Zoila Island,North Payton,SA,59091,zarah@acme.co
Leila Beahan,(877) 349-8567,Mustafa Highway,New Roslynfort,VIC,19865,priscilla@acme.co
Donnell Witting,1-877-710-0909,Devyn Via,Chynaland,NSW,29058,roshel@acme.co
Maddison Fadel,866-954-4302,Sandy Rapids,Daxborough,SA,57145,kaveen@acme.co
Korey O,800.580.2028,Humberto Village,Borershire,ACT,34687,kaveen@acme.co
Alexzander Zboncak,(877) 770-5351,Urban Brooks,Mertzland,TAS,54601,mike@acme.co
Daisha Toy,1-888-832-1770,Abby Way,North Tannerchester,TAS,75396,zarah@acme.co
Judah Schuster,888.519.7578,Yoshiko Divide,West Aurelieview,ACT,6369,joshp@acme.co
Stephan Blick,866.770.2252,Elian Mission,Port Jasontown,NT,80631,roshel@acme.co
Frederick Thiel,800-961-2192,Grant Summit,North Wilfrid,NSW,2869,mike@acme.co
Krystina Prosacco,(800) 262-5070,Langosh Flats,South Keonport,NT,69229,joshp@acme.co
Oswaldo Wehner,(855) 378-4568,Dicki Tunnel,Wizaborough,VIC,78183,kaveen@acme.co
Brenna Lueilwitz,1-877-507-8563,Oscar Courts,Port Brandyside,TAS,25419,joshp@acme.co
Amber Paucek,1-866-883-6743,Fritsch Pike,Kosston,SA,56309,kaveen@acme.co
Marianna Sauer,844-239-2203,Keira Grove,West Bria,SA,46915,priscilla@acme.co
Deontae Lynch,(877) 851-1353,Lorenzo Station,Adahville,NT,75576,priscilla@acme.co
Hiram Muller,1-855-244-2311,Bode Heights,West Chandlerbury,SA,13335,kaveen@acme.co
Sydni Schultz,877.869.5646,Schmidt Overpass,Kesslerberg,WA,22161,joshp@acme.co
Charlie Krajcik,888-973-2103,Kuhic Coves,Lake Gabriellaport,NSW,73535,zarah@acme.co
Kamille Krajcik,1-800-522-5346,Brad Causeway,Jarrettmouth,ACT,88971,zarah@acme.co
Gracie Kassulke,855.484.9109,Osinski Plains,East Elenafurt,NSW,56205,john@acme.co
Jaiden Balistreri,1-855-636-4035,Zechariah Manors,South Marianeborough,VIC,64639,kaveen@acme.co
Augustus Wilkinson,877-233-1554,Jerrold Neck,Otiliafurt,NT,43152,joshp@acme.co
Arely Tromp,(888) 434-4552,Ward Square,Dakotamouth,NT,17002,joshp@acme.co
Aleen Bauch,1-877-693-0545,Eli Tunnel,Reillybury,TAS,64098,joshp@acme.co
Felicity Wunsch,888.759.3015,Clair Burgs,Estellafurt,QLD,7796,john@acme.co
Audra Prosacco,1-855-399-1657,Reuben Hill,East Providencimouth,NT,97285,priscilla@acme.co
Jack Mueller,1-877-837-9294,Callie Circle,Osvaldohaven,WA,64159,john@acme.co
Ardella Ebert,888-488-8940,Cheyenne Spring,Jacobsonside,NSW,20623,zarah@acme.co
Eldridge Purdy,855-846-0440,Henriette Via,Serenitychester,QLD,51519,roshel@acme.co
Sheila Oberbrunner,800-690-1403,Schimmel Fork,East Mattie,QLD,63790,kaveen@acme.co
Efrain Watsica,888-335-4845,Nolan Club,East Savanahborough,QLD,44709,priscilla@acme.co
Saige Parisian,800-501-0525,Garett Key,Walkerfort,TAS,68234,joshp@acme.co
Turner Gleichner,1-866-424-5932,Jakubowski Isle,West Rupert,NSW,88773,kaveen@acme.co
Marco Feest,866-779-9405,Salvatore Creek,New Hertha,QLD,34777,roshel@acme.co
Missouri Fay,(800) 374-4045,Heathcote Rest,Ratketon,WA,70073,kaveen@acme.co
Alva McGlynn,1-866-615-5864,Gay Ford,Hauckland,ACT,78043,zarah@acme.co
Tre Marquardt,888-491-7194,Leuschke Pine,South Camilla,SA,28269,mike@acme.co
Ernesto Kuhlman,877.600.0098,Glover Haven,South Genesismouth,QLD,35960,joshp@acme.co
Josiah Lemke,844.836.2607,Abner Branch,West Sagemouth,SA,52478,roshel@acme.co
Valerie Haley,1-877-202-2286,Konopelski Shoal,Mistyburgh,ACT,93504,mike@acme.co
Rosalyn McGlynn,(800) 508-3536,Devyn Fields,Hermanbury,ACT,69979,zarah@acme.co
Emile Walter,800.209.1622,Elsie Station,North Willowton,TAS,43774,roshel@acme.co
Kareem Erdman,1-800-558-8017,Rogahn Park,Strackeshire,VIC,67600,roshel@acme.co
Maryse Wisozk,888.452.0929,Botsford Manors,Lake Monserrateshire,NT,40476,mike@acme.co
Gage Bergstrom,(877) 360-2971,Annetta Fort,East Noel,ACT,66295,kaveen@acme.co
Marilyne Moore,855-736-5066,Hilpert Lodge,Aubreeville,ACT,31153,priscilla@acme.co
Victoria Purdy,(800) 480-4092,Lorena Walks,Abrahammouth,TAS,70046,joshp@acme.co
Eryn Reichel,(866) 832-7934,Connelly Stravenue,Reichelhaven,WA,19556,mike@acme.co
Jalon Lindgren,877-884-2481,Olson Corner,North Aliyah,ACT,83202,roshel@acme.co
Zakary Pfeffer,(888) 933-6660,Reichel Neck,Port Marta,NT,19789,roshel@acme.co
Novella Schuppe,844.926.4148,Fadel Shoals,Wernerville,WA,15230,roshel@acme.co
Horace Homenick,888-309-6813,O'Conner Loaf,West Norafort,WA,99524,kaveen@acme.co
Cleo Jenkins,1-877-215-6060,Donavon Summit,O'Connellbury,WA,25981,john@acme.co
Brandy Padberg,877.316.7621,Margarett Park,Port Micaela,NSW,60436,priscilla@acme.co
Edwardo Nicolas,1-866-288-8035,Assunta Valley,East Justonstad,NSW,78928,roshel@acme.co
Jamie Jakubowski,800-253-9177,Herman Track,Kundemouth,VIC,26417,mike@acme.co
Jamie Schuppe,(888) 550-6014,Winnifred Mountains,South Grahamberg,WA,68808,roshel@acme.co
Kelton Berge,855.888.2209,Arlie Dale,Fatimaside,TAS,53900,roshel@acme.co
Alfredo Luettgen,1-888-400-3072,Claudie Tunnel,Aishashire,SA,76525,kaveen@acme.co
Beau Erdman,(866) 246-7136,Lelah Vista,Johnsmouth,VIC,72623,john@acme.co
Devonte Gottlieb,844.609.3690,Larissa Greens,Beierton,VIC,82564,mike@acme.co
Kenny Schuppe,1-866-800-9458,Watsica Crest,Sadyeland,TAS,70326,mike@acme.co
Francisco Ondricka,1-800-406-6177,Maud Wells,New Rhettfort,TAS,94003,john@acme.co
Cordell Block,(888) 666-5970,Zulauf Points,Dollyview,NT,21578,joshp@acme.co
Clement Nolan,844.696.4330,Farrell Center,Kearaberg,SA,8004,zarah@acme.co
Mireya O,866-751-3228,Crist Mountain,East Bradley,VIC,26379,joshp@acme.co
Myrl Jacobson,(800) 259-4928,Ondricka Ranch,Port Gageside,QLD,74623,mike@acme.co
Nathanael Keeling,844-270-4278,Greenfelder Drive,Port Jairoside,VIC,62391,john@acme.co
Olaf Kuhlman,(888) 927-7059,Bayer Row,East Clayport,TAS,94531,priscilla@acme.co
Tierra Heaney,877.765.4406,Chanel Springs,North Maggie,NSW,40672,kaveen@acme.co
King Marks,1-866-740-8981,Heaney Spurs,East Katlynberg,VIC,28767,kaveen@acme.co
Leonora Ullrich,877.344.5983,Mohr Isle,North Herminio,NSW,82751,priscilla@acme.co
Domenica Ortiz,1-844-962-0847,Daniel Valley,Reichertfort,WA,38652,mike@acme.co
Jerry Upton,(888) 343-1405,Dibbert Hill,Walshfort,VIC,73925,roshel@acme.co
Myrl Leffler,1-888-598-6516,Flatley Crescent,Napoleonville,ACT,43754,priscilla@acme.co
Charles Green,(855) 938-1566,Florine Mills,Domenickview,QLD,68056,john@acme.co
Ethan Adams,800-894-0262,Isadore Wells,Kshlerinville,NSW,46534,joshp@acme.co
Claire Cronin,1-888-261-4892,Therese Squares,North Maudland,NSW,80915,zarah@acme.co
Leon Hagenes,800.480.3112,Mariela Loop,Lake Madelynn,NT,63447,john@acme.co
Alvis Wiza,855.344.7341,Little Path,North Marianne,NSW,19146,zarah@acme.co
Josue Nikolaus,866.837.2122,Raphael Lights,Harrisport,VIC,62096,joshp@acme.co
Derick Mayer,800.284.2206,Hermann Causeway,Lake Veldamouth,ACT,50742,mike@acme.co
Ben Goodwin,877-481-4983,Aron Valleys,Edgartown,NSW,20399,priscilla@acme.co
Jan Sanford,(844) 931-3328,Turcotte Bridge,Port Zora,TAS,60139,priscilla@acme.co
Alex Bayer,888-410-2988,Funk Extensions,Immanuelburgh,ACT,82263,mike@acme.co
Jairo Kuvalis,1-877-227-1143,Emard Forges,Mayerstad,TAS,74474,kaveen@acme.co
Jeramie Ratke,1-888-537-4920,Cleve Garden,O'Harastad,QLD,71092,roshel@acme.co
Gwen Weber,855-314-2731,Magnus Unions,Babyview,NSW,36643,priscilla@acme.co
Elwyn Anderson,(800) 842-6715,Elwin Ranch,Kulasbury,WA,62317,zarah@acme.co
Evan Klein,855-491-7037,Grimes Roads,New Kyla,WA,4278,priscilla@acme.co
Isabel Swift,855.326.2876,Lolita Ferry,Bettyport,SA,25956,zarah@acme.co
Mittie Zulauf,877.726.2035,Pfannerstill Inlet,Wunschmouth,TAS,14116,joshp@acme.co
Edd Stoltenberg,1-844-533-6080,Botsford Shore,Alyssonshire,ACT,89223,kaveen@acme.co
Daren Paucek,855.815.9972,Josiah Coves,Bernhardmouth,NSW,40257,john@acme.co
Modesto Kreiger,(844) 881-4912,Brekke Club,Reynoldsland,VIC,14707,kaveen@acme.co
Sven Gottlieb,1-888-307-5948,Edward Loaf,West Mavisborough,TAS,9060,roshel@acme.co
Emmalee Schaden,844-313-7214,Gleason Road,South Katelin,ACT,95491,zarah@acme.co
Conor Bartoletti,877.724.8381,Buckridge Forks,Lake Cletashire,QLD,13090,john@acme.co
Micaela Little,(877) 770-3002,Diana Bypass,Port Waylonchester,ACT,22373,priscilla@acme.co
Lorenzo Klocko,(888) 265-1431,Farrell Port,Hackettshire,VIC,93171,roshel@acme.co
Iliana Ortiz,1-888-605-9602,Reggie Lodge,Davidborough,TAS,79253,joshp@acme.co
Ned Gorczany,800.775.7350,Lura Mountain,West Otilia,NT,61676,john@acme.co
Chyna Miller,888-959-8297,Lloyd Path,Shanahanborough,ACT,58543,joshp@acme.co
Oren Toy,866.871.3334,DuBuque Shores,Lake Adanborough,SA,1021,zarah@acme.co
Lexie Barrows,844.772.4716,Kulas Inlet,New Matteoshire,TAS,22703,john@acme.co
Hazel Langworth,(877) 372-7753,Mackenzie River,Franeckimouth,QLD,72735,zarah@acme.co
Lelah Armstrong,800.539.9656,Ubaldo Throughway,Felipaview,NT,72582,priscilla@acme.co
Leonie Russel,(855) 352-4744,Terry Turnpike,North Karinamouth,WA,85729,priscilla@acme.co
Leanne Schaefer,888.892.1549,Layla Glens,New Brooksfurt,WA,30242,kaveen@acme.co
Regan Huels,855.990.3730,Brock Overpass,North Rebecca,TAS,8702,priscilla@acme.co
Cassandra Bartoletti,(844) 646-8715,Kasey Station,Jacklynton,ACT,919,zarah@acme.co
Angie Muller,1-800-631-5374,Toy Mount,Mayachester,QLD,16538,john@acme.co
Forest Pagac,1-855-273-1859,Littel Heights,Trudiefort,SA,20175,kaveen@acme.co
Houston Johns,1-877-671-1232,Felicia Parkway,Richiefurt,NSW,33484,roshel@acme.co
Reba VonRueden,(866) 627-6053,Harris Motorway,Osvaldoton,SA,64746,kaveen@acme.co
Audra Lockman,888-266-9406,Borer Branch,Reichelside,ACT,2981,zarah@acme.co
Tess Herzog,(844) 630-7544,Dario Mills,Goldenchester,WA,51563,zarah@acme.co
Alexandro Purdy,844.974.2047,Rebecca Trace,East Glendabury,WA,21773,joshp@acme.co
Vida Hilpert,877-592-5681,Ally Fields,East Salvador,ACT,77107,joshp@acme.co
Amie Grady,(877) 480-0471,Reba Junctions,East Charity,QLD,37775,zarah@acme.co
Chanelle Nolan,844.214.1616,Justine Street,West Sonia,SA,26768,mike@acme.co
Allene Cremin,1-844-692-8267,Rippin Extension,Schmidtshire,NSW,88354,zarah@acme.co
Van Leffler,1-866-605-3096,Beahan Groves,South Lamarburgh,QLD,89185,mike@acme.co
Roberta Douglas,800.666.2433,Torp Throughway,New Anais,VIC,39190,roshel@acme.co
Preston Lehner,866.898.3422,Vandervort Prairie,Prohaskaborough,TAS,65372,zarah@acme.co
Velma Hammes,1-877-616-0496,Zemlak Rapids,South Ines,ACT,6305,priscilla@acme.co
Craig Wintheiser,866.360.2650,Powlowski Streets,Lake Keyon,NSW,59287,roshel@acme.co
Claude Klein,877-363-5077,Shanon Point,South Penelopeberg,NSW,1202,kaveen@acme.co
Kim Kemmer,(800) 433-6171,Crona Roads,Yoststad,NT,96889,john@acme.co
Sophia Johnston,1-800-452-4482,Edwin Pass,Christinetown,QLD,91695,kaveen@acme.co
Gayle Gulgowski,(888) 356-7645,Ritchie Manors,Lake Americo,NSW,40325,john@acme.co
Ernestina Cartwright,888-848-6349,Mozelle Plaza,Masonland,VIC,63046,zarah@acme.co
Abdullah Bergstrom,877-973-2138,Michael Harbors,North Garfieldport,SA,18187,priscilla@acme.co
Gerard Conn,800.700.5008,Dallin Canyon,Weissnatfurt,NT,7323,roshel@acme.co
Samson Nitzsche,1-844-814-7333,Volkman Union,West Katelynnport,VIC,19640,priscilla@acme.co
Birdie Robel,(866) 227-7552,Ullrich Curve,Gennarochester,WA,11266,zarah@acme.co
Beaulah Dietrich,866-296-4160,Schinner Cove,Cruickshankmouth,QLD,9632,kaveen@acme.co
Amely Sipes,888-836-7217,Green Canyon,New Trinity,NSW,56343,mike@acme.co
Cletus Kozey,888.707.1580,Orville Brook,New Angelina,VIC,84753,joshp@acme.co
Katrine Stamm,1-877-664-6044,Dibbert Hollow,North Mckenziefort,ACT,12087,joshp@acme.co
Kasey Bednar,844-980-0911,Zora Springs,Feestville,TAS,32289,kaveen@acme.co
Winona Schuster,888.580.2392,Zemlak Forge,West Christopherville,TAS,8489,mike@acme.co
Hope Keeling,1-866-842-6718,Russel Pass,Port Nicholaus,SA,40801,roshel@acme.co
Hyman Stark,855.961.4673,Pfannerstill Coves,Port Maevemouth,ACT,61522,john@acme.co
Marianna Gibson,844-688-0414,Lang Divide,Serenityfort,SA,83737,priscilla@acme.co
Kaleb Berge,(800) 579-6545,Zulauf Trace,Zitahaven,QLD,4413,zarah@acme.co
Jewell Gaylord,800-213-3191,Monserrate Glen,Emmerichberg,NT,88852,roshel@acme.co
Deangelo Friesen,888.685.1580,Kub Springs,Lake Vicenteborough,ACT,66905,joshp@acme.co
Anika Grant,800-362-2953,Denesik Via,Trudieberg,TAS,57309,joshp@acme.co
Mathias Stamm,1-877-203-2442,Carlo Estates,Port Pablo,VIC,87152,priscilla@acme.co
Katlynn Gerlach,(855) 913-2736,Gutmann Islands,East Laurieport,NSW,63351,john@acme.co
Melody Keeling,1-888-513-2215,Ziemann Square,East Vincentstad,VIC,38830,mike@acme.co
Hulda Jones,866-202-3161,Wuckert Shoals,New Shanyfort,WA,67996,john@acme.co
Stephon Leffler,844.600.9935,Mante Walk,East Myrtie,TAS,17019,kaveen@acme.co
Renee Haley,877-768-2495,Schiller Drive,Port Fatimaborough,TAS,90223,roshel@acme.co
Eve Carter,800-927-4364,Carolina Port,Juliusfort,NT,42421,roshel@acme.co
Eriberto Beatty,1-866-409-8726,Lora Neck,West Lesleyfort,ACT,76629,joshp@acme.co
Emery VonRueden,888.262.7558,Dora Falls,Nicolasport,ACT,73303,roshel@acme.co
Justus Kertzmann,(877) 414-7963,Pattie Cove,South Laurelhaven,TAS,49102,priscilla@acme.co
Myron Jenkins,844.874.3071,Eve Cove,Cassinstad,ACT,59636,priscilla@acme.co
Buddy Cremin,1-855-337-1293,Amiya Stream,Lake Tylerstad,SA,20220,priscilla@acme.co
Marianna Quigley,888.820.1604,Pouros Harbors,Morissettestad,ACT,79403,priscilla@acme.co
Eliza McLaughlin,(855) 728-1630,Smitham Turnpike,Ricetown,QLD,43107,john@acme.co
Arnaldo Donnelly,1-855-467-2040,Roger Stream,Port Alyce,WA,34282,mike@acme.co
Priscilla Daniel,(888) 624-8384,Dibbert Stravenue,Dickinsonfort,ACT,43370,zarah@acme.co
Simone Schamberger,800-476-7617,Kris Cove,Arielland,NSW,31141,mike@acme.co
Madalyn Oberbrunner,888-661-7628,Jennings Glen,New Lonieland,TAS,37844,priscilla@acme.co
Ayana Keebler,(844) 847-9277,Clotilde Ferry,Huelfort,QLD,56600,joshp@acme.co
Ralph Kilback,(888) 663-2419,Mueller Crossroad,Lauriannemouth,TAS,67543,mike@acme.co
Ernestine Balistreri,888-230-7314,Emmy Tunnel,Tedhaven,NT,49887,kaveen@acme.co
Bertram Bernhard,800.735.1130,Batz Mill,Port Sydney,WA,89183,zarah@acme.co
Abelardo Glover,(844) 746-3448,Aliza Walks,Conroyview,QLD,52511,zarah@acme.co
Jasen Ritchie,(800) 671-3865,Libby Parks,Port Adaline,QLD,91894,john@acme.co
Russ Hand,877-502-1204,Kovacek Crescent,Williamton,SA,57056,kaveen@acme.co
Charity Heidenreich,1-866-633-3986,Beahan Camp,Rockymouth,VIC,37002,john@acme.co
Electa Nicolas,(800) 252-9169,Erich Park,Macview,QLD,19867,joshp@acme.co
Christa Casper,1-866-846-3877,Rhoda Knoll,Turnerville,VIC,45834,kaveen@acme.co
Thad Sporer,844.300.2991,Herminio Ways,Dellaport,NT,94311,mike@acme.co
Zora Schroeder,877-203-3405,Halie Isle,Alvertahaven,VIC,79431,mike@acme.co
Zoey Prosacco,(866) 973-4309,Boyer Extension,Bridgettestad,TAS,72140,zarah@acme.co
Brenda Leuschke,855-458-2000,Gottlieb Path,Hermanstad,NSW,40600,kaveen@acme.co
Jerrold Wilkinson,1-888-808-4018,Carley Prairie,Gibsonburgh,SA,3202,priscilla@acme.co
Kelley Funk,(855) 213-2557,Zelda Roads,Brennaborough,WA,670,kaveen@acme.co
Kathlyn Kerluke,(844) 452-5828,Botsford Estates,West Winfield,WA,75397,zarah@acme.co
Percy Wyman,1-888-885-5392,Dietrich Station,Port Lacy,VIC,76987,zarah@acme.co
Shayna Reichel,(844) 540-2529,Wilfrid Course,Kraigborough,NT,18480,zarah@acme.co
Griffin Goyette,1-877-828-9809,Casper Street,South Rubentown,ACT,2401,joshp@acme.co
Otho Hilpert,(800) 298-1215,Hickle Shores,Kaileeview,NSW,11174,john@acme.co
Jayce Monahan,888.617.9255,Maggio Ranch,Kiehnchester,SA,85360,mike@acme.co
Lane Kautzer,(888) 317-7943,Smitham Ford,Gottliebville,SA,36021,mike@acme.co
Brenda Gleason,1-888-247-7805,Lang Grove,Boehmmouth,WA,33247,roshel@acme.co
Durward Corwin,(877) 868-3747,Elijah Mall,Port Sherwoodside,QLD,58125,john@acme.co
Layla Lind,888-479-3555,Noemy Manors,East Ike,NT,15707,kaveen@acme.co
Marge Hegmann,844-900-7427,Okuneva Shoals,Elsastad,ACT,50836,john@acme.co
Jaeden Mitchell,1-888-205-1699,Karianne Throughway,North Prince,TAS,51103,mike@acme.co
Ryan Rice,1-800-684-8777,Hackett Forges,East Kieranstad,NSW,75960,kaveen@acme.co
Kathryne Hackett,1-888-607-3523,Stamm Via,West Isidro,NT,57381,john@acme.co
Delta Pouros,888-579-4255,Kessler Fords,South Judge,QLD,15205,roshel@acme.co
Troy Murray,888-514-6069,Carter Motorway,Pacochamouth,VIC,94399,joshp@acme.co
Rashad Wiza,(844) 592-1901,Alysha Junction,Aufderharfurt,QLD,88422,mike@acme.co
Ulices Jacobs,1-888-339-2733,Lemke Mission,West Emmittview,WA,82686,priscilla@acme.co
Cassie Huels,877-259-9715,Bartoletti Station,Croninfurt,NT,75176,roshel@acme.co
Beverly Bosco,1-844-732-5028,Herman Coves,Kiarrastad,SA,53075,mike@acme.co
Lilyan Rogahn,844.747.6711,Cathryn Cliff,Donatochester,ACT,2033,kaveen@acme.co
Fletcher Ebert,877.572.7673,Boyle Harbor,Hickleland,VIC,37644,mike@acme.co
Santino Schaden,1-888-397-4275,Daisha Common,New Rosalind,NT,60474,mike@acme.co
Mathilde Ernser,(888) 586-0226,Valerie Keys,Lake Kaitlintown,VIC,67446,roshel@acme.co
Damaris Franecki,844.334.9158,Osinski Inlet,Schoenfort,QLD,36592,john@acme.co
Dale Emard,800.457.1117,Altenwerth Inlet,Erdmanchester,ACT,46298,john@acme.co
Tod O,844.883.2840,Emmet Way,Koepptown,TAS,56916,zarah@acme.co
Allan Jenkins,1-866-591-4535,Else Pines,Kuphalland,NSW,47502,kaveen@acme.co
Abelardo Keeling,800.418.8275,Goldner Corners,Runolfssonmouth,NSW,99065,john@acme.co
Chelsey Hessel,(844) 617-8705,Sim Court,Cristalside,NSW,11000,roshel@acme.co
Claudine Bernhard,1-800-513-8566,Blanda Trafficway,East Evertstad,WA,87378,mike@acme.co
Edward Oberbrunner,866-626-4861,Citlalli Dale,Kuphalville,NT,87219,mike@acme.co
Cordia Spinka,800-409-6556,Rahsaan Hill,Marjolainemouth,WA,66387,john@acme.co
Rosie Dibbert,877.464.1367,Abbigail Summit,West Gonzalo,QLD,42808,mike@acme.co
Harry Bartell,(866) 248-8998,Block Mill,Mooreview,NT,39555,kaveen@acme.co
Maeve Ondricka,800.799.6044,Reina Vista,New Geovannybury,NT,49147,kaveen@acme.co
Lou Hoppe,844-887-6770,Carter Underpass,Todborough,SA,14644,priscilla@acme.co
Daniela Bailey,(800) 271-2354,Retta Oval,West Ettie,QLD,13006,roshel@acme.co
Quincy Hauck,877.469.3866,Hartmann Grove,Prohaskaside,ACT,32781,priscilla@acme.co
Brayan Wolff,(855) 357-3581,Skiles Field,East Curt,QLD,70779,roshel@acme.co
Itzel Wilderman,(877) 666-6465,Joanny Dale,Lelandfurt,VIC,27640,john@acme.co
Keagan Senger,844-413-4525,Stehr Mountains,Volkmanborough,WA,54298,roshel@acme.co
Jimmie Nikolaus,1-866-461-9710,Schaefer Flats,Angeloville,SA,4641,kaveen@acme.co
Dasia Hagenes,1-855-444-6489,Berge Mews,Darwinport,SA,22257,john@acme.co
Kelvin Metz,888-597-9910,Sedrick Radial,Emiliefort,TAS,4626,john@acme.co
Chaim Windler,1-844-924-8126,Sallie Throughway,Swiftburgh,VIC,1166,zarah@acme.co
Frank Gibson,877-864-7680,Nicolas Crescent,New Caraberg,VIC,43852,zarah@acme.co
Justen Upton,1-888-306-8578,Becker Route,North Cameron,TAS,2678,kaveen@acme.co
Citlalli Grady,800-274-3150,Kuhlman Summit,Wolffmouth,VIC,52272,mike@acme.co
Alta D,1-800-612-3769,Hassie Junction,New Randall,ACT,83908,kaveen@acme.co
Levi Buckridge,(800) 738-6502,Champlin Forks,New Oswald,TAS,91735,john@acme.co
Eryn Shields,866.387.8464,Jermain Bridge,Waelchitown,SA,24383,mike@acme.co
Ericka Bosco,1-855-874-6964,Gislason Freeway,Lake Mohammadberg,QLD,8706,roshel@acme.co
Elinore Wolf,(800) 355-1718,Jacobi Hill,Hesselmouth,SA,9073,priscilla@acme.co
Toby Jones,(866) 249-2134,Leland Skyway,Miltonburgh,NSW,47535,joshp@acme.co
Mertie Von,1-877-638-7647,Domingo Ferry,Port Dominic,NSW,19991,zarah@acme.co
Wilmer Hettinger,1-866-207-0933,Barney Brook,Brionnaborough,ACT,86388,kaveen@acme.co
Emmanuelle Fay,(855) 857-7815,Esta Loaf,Boehmmouth,QLD,60713,john@acme.co
Mariela Schuppe,866.763.6471,Audreanne Parks,Enriqueshire,WA,84253,kaveen@acme.co
Emilie Kessler,1-800-898-5294,Laverne Fords,East Darientown,QLD,48758,roshel@acme.co
Niko Beier,1-888-633-3583,McDermott Plain,Yundtmouth,SA,5413,mike@acme.co
Macey Hyatt,855-928-1240,Jakubowski Drives,Port Marilou,NSW,53974,john@acme.co
Cristopher Ward,888.817.6609,Lebsack Fall,North Jaime,NT,62920,roshel@acme.co
Daniella Kilback,1-877-689-9372,Rosanna Trail,South Eli,TAS,89115,mike@acme.co
Koby Casper,(800) 223-9199,Leanna Cliffs,North Jacky,QLD,6219,zarah@acme.co
Liza Terry,1-844-378-2089,Eichmann Center,Randyview,NT,23163,priscilla@acme.co
Berry Dach,(888) 624-4261,Gusikowski Bridge,South Russside,NSW,93884,joshp@acme.co
Izabella Trantow,1-877-240-9861,Smitham Orchard,Lake Astridport,TAS,42282,zarah@acme.co
Anibal Beier,1-866-656-5925,Nitzsche Lights,East Yvonneshire,TAS,2356,mike@acme.co
Anabelle Schultz,877.902.6941,Sherwood Plaza,Port Emiliemouth,WA,43889,roshel@acme.co
Quinton West,877-462-5643,Leonie Dale,New Hal,NSW,71569,joshp@acme.co
Tia Nikolaus,855.519.7168,Alena Walk,West Mckenna,VIC,86690,john@acme.co
Reagan Luettgen,877.610.6070,Lexus Circles,Gottliebfurt,VIC,50375,mike@acme.co
Dean Feil,888.879.6219,Kirsten Mountain,Port Alvertaport,SA,82952,mike@acme.co
Cleo Hilpert,888-893-4709,Dare Brook,South Donatoside,VIC,5393,roshel@acme.co
Carley Moore,844.573.6938,Leopold Lights,South Harmony,VIC,22276,joshp@acme.co
Daphney Carroll,1-855-572-6758,Tina Forge,Lake Jacksonton,SA,59545,mike@acme.co
Emilio Walker,1-877-671-1164,Gerry Center,Donnellymouth,ACT,55892,roshel@acme.co
Westley Braun,1-888-616-0635,Eliseo Extension,Port Royce,SA,98929,priscilla@acme.co
Dorian Dickinson,(800) 450-0895,Deontae Flat,Goodwinport,TAS,88778,kaveen@acme.co
Blanca Gislason,866.768.9469,Stephanie Unions,East Maryburgh,SA,35959,joshp@acme.co
Brenden Collins,844-402-0442,Mikayla Cliffs,New Alana,ACT,20801,priscilla@acme.co
Audreanne Grady,844.844.3283,Chasity Square,Vellaport,NSW,73748,john@acme.co
Daisha Cummings,866-839-3044,Zulauf Corners,Port Jany,QLD,35143,roshel@acme.co
Roman Glover,(844) 840-8966,Anderson Crest,Port Jacyntheview,QLD,25454,zarah@acme.co
Jadon Roob,866-565-3364,Curtis Overpass,Turnerborough,ACT,31664,john@acme.co
Trinity Maggio,(877) 546-2062,Lang Pine,North Leachester,ACT,88946,joshp@acme.co
Elisabeth Olson,1-877-958-5584,Johns Rapid,South Salvador,NT,60201,john@acme.co
Felicita Swift,(844) 477-2879,Considine Isle,Port Gregorio,TAS,55532,zarah@acme.co
Lyla Walker,800.539.3667,Audra Springs,Nedrashire,SA,61758,kaveen@acme.co
Josh Wilderman,1-800-388-6987,Zieme Estate,Stephanport,WA,87422,zarah@acme.co
Chandler Bartoletti,1-800-487-7980,Kuhlman Highway,South Toby,TAS,38247,joshp@acme.co
Cornelius Nitzsche,866.339.3997,Gerhold Terrace,Donnellfurt,NT,87538,kaveen@acme.co
Callie Hegmann,(844) 620-9337,Becker Wall,New Novella,WA,26803,priscilla@acme.co
Zoila Borer,(800) 463-5220,Batz Springs,Shieldsstad,TAS,35809,john@acme.co
Carlee Labadie,1-888-812-3040,Jovan Key,Martyfort,VIC,16771,joshp@acme.co
Arely Welch,1-866-690-3514,Eric Plains,North Christ,NSW,67030,joshp@acme.co
Tre Conroy,844-769-4996,Adams Tunnel,Port Malvinaland,QLD,72096,joshp@acme.co
Adrianna Kuhn,866-819-3312,Heathcote Grove,North Lydiaside,WA,30341,kaveen@acme.co
Delbert Dickinson,1-866-350-1978,Alize Union,Alffort,VIC,20050,roshel@acme.co
Jasper Prohaska,(800) 548-3175,Gonzalo Garden,Raynorstad,NSW,30146,john@acme.co
Vivienne Nienow,1-888-252-7744,Vandervort Place,Mozellberg,TAS,47165,kaveen@acme.co
Wendy Walsh,866.658.6577,Barton Burgs,Marisaborough,NT,97474,kaveen@acme.co
Shakira Christiansen,866-563-0431,Gulgowski Station,Port Mervin,NSW,56529,roshel@acme.co
Shakira Kulas,(866) 383-1404,Mohamed Springs,Skilesside,TAS,76502,zarah@acme.co
Faustino Stamm,(855) 241-4227,Marisa Ville,Lake Sheridan,NT,91912,roshel@acme.co
Garnett Shanahan,855-205-9510,Ullrich Well,North Desireemouth,SA,45055,john@acme.co
Elise Toy,(888) 459-1163,DuBuque Stravenue,South Esthermouth,VIC,10229,mike@acme.co
Jovany Altenwerth,800-933-4334,Lucile Lodge,Grahammouth,WA,70925,mike@acme.co
Myrtie Pfannerstill,844.824.1322,Raynor Grove,North Verlie,NT,12329,roshel@acme.co
Sammie Hagenes,866.883.3988,Breitenberg Locks,Roslynmouth,NT,27898,roshel@acme.co
Sidney Konopelski,800.909.3969,Caesar Green,West Justenborough,VIC,49194,roshel@acme.co
Meta Wiegand,1-888-414-1326,Lehner Locks,Hirtheville,TAS,57708,roshel@acme.co
Tavares Gerhold,877.394.3552,Shania Islands,Josephview,WA,39295,mike@acme.co
Graham Stroman,855.235.3664,Gislason Landing,Lake Manuelachester,QLD,52779,john@acme.co
Hector Bruen,888.930.7468,Alberta Rue,Dellview,SA,28090,mike@acme.co
Darren Cole,866-875-8519,Kuphal Track,Filibertomouth,QLD,19392,kaveen@acme.co
Elwin Buckridge,888-947-2324,Kilback Spur,Sadyetown,VIC,76696,zarah@acme.co
Gage Ratke,844.438.8017,Andreane Forks,Websterport,TAS,90421,mike@acme.co
Nia Tillman,1-888-996-4646,Tillman Springs,North Pierretown,TAS,31298,priscilla@acme.co
Ola Keeling,800.986.7719,Nolan Islands,Morissettechester,QLD,45847,kaveen@acme.co
Amie Doyle,888.469.4707,Augustus Mills,Port Emilymouth,VIC,72230,john@acme.co
Gillian Hagenes,877-405-8134,Nola Streets,Carlieborough,NSW,8035,kaveen@acme.co
Beulah Marvin,877.797.4470,Nico Views,East Jacey,WA,33018,priscilla@acme.co
Angus Schuppe,866-591-3975,Delta Isle,South Maddisonborough,ACT,37822,priscilla@acme.co
Brayan Schaden,(866) 718-6759,Wisozk Shores,Lake Adrienne,QLD,43809,john@acme.co
Bill Cartwright,800.633.8376,Josephine Hills,South Josephinemouth,ACT,55734,kaveen@acme.co
Sammie Williamson,800.228.0132,Ashley Lock,Port Creola,WA,38474,john@acme.co
Audreanne Lakin,1-866-277-8928,Wilber Landing,North Giovannishire,VIC,71290,john@acme.co
Bobbie Mertz,(855) 410-9842,Jacobi Keys,West Janelle,NT,90104,john@acme.co
Rosalind Schuppe,855.219.3908,Carole Ways,Wernerport,NSW,85520,joshp@acme.co
Desiree Batz,(844) 212-7360,Adrain Estate,Port Lucinda,VIC,68406,mike@acme.co
Jada Lubowitz,1-877-736-6536,Langworth Ridges,New Zitatown,ACT,92348,joshp@acme.co
Marcos Heathcote,(888) 907-0349,White Squares,South Ovafort,QLD,4424,kaveen@acme.co
Dimitri Emmerich,877.200.9644,Powlowski Port,West Lukasshire,QLD,24853,joshp@acme.co
Tillman Dicki,844.458.3595,Janelle Harbor,Yundtborough,WA,87590,mike@acme.co
Olin Willms,1-866-821-3575,Kayley Neck,North Caitlyn,ACT,89440,joshp@acme.co
Shakira Connelly,1-800-457-3259,Mayert Place,Zemlakville,NSW,94800,kaveen@acme.co
Estell White,(877) 282-3296,Devonte Track,Lake Anneshire,QLD,38794,zarah@acme.co
Fred Pouros,1-877-536-8996,Betsy Mount,Port Leslie,VIC,52408,john@acme.co
Juliana Koelpin,866-743-1106,Amara Bypass,Lake Lupe,SA,43075,mike@acme.co
Jaime Ratke,877-350-2056,Yundt Hill,Gaylordbury,TAS,63010,mike@acme.co
Coty O,1-877-651-0306,Harrison Walk,Groverbury,NSW,30126,roshel@acme.co
Lionel Borer,844-994-7926,Hoppe Locks,West Beaulahfort,NSW,5695,mike@acme.co
Sterling Hauck,1-877-203-2519,Luna Well,Lake Khalid,WA,5944,mike@acme.co
Jakayla Donnelly,(888) 274-3942,Evangeline Green,Funkshire,ACT,32635,mike@acme.co
Amelia Marquardt,1-844-383-5272,Marie Underpass,New Garth,QLD,88653,priscilla@acme.co
Everett Hill,(844) 669-6205,Noemi Mountain,South Reesemouth,TAS,15973,mike@acme.co
Vivian Glover,877.747.4172,Maya Ranch,East Gennaro,TAS,48032,zarah@acme.co
Jordon Schiller,1-888-869-3022,Carolina Shoal,New Kolbymouth,VIC,98381,priscilla@acme.co
Jasen Bogisich,(877) 393-4623,Koelpin River,East Blanche,NSW,33242,priscilla@acme.co
Aric Parker,(800) 600-8299,Hills Orchard,Mrazmouth,QLD,81037,mike@acme.co
Corine Fadel,1-800-651-8351,Ariane Highway,West Alberto,NSW,81286,priscilla@acme.co
Davin Konopelski,866-638-8190,DuBuque Street,Doylebury,WA,17281,roshel@acme.co
Emmie Barrows,(844) 656-1734,Bianka Pike,Gibsonmouth,VIC,13906,john@acme.co
Carmine Baumbach,1-866-819-0847,Spencer Vista,North Eliseofort,TAS,8174,mike@acme.co
Zachary Ferry,1-888-963-1766,Robel Trail,New Kevinmouth,SA,3349,mike@acme.co
Ansel Gutkowski,1-888-787-5551,Miguel Neck,North Wilton,TAS,93232,john@acme.co
Jordon Leuschke,877-822-1964,Schaden Mission,West Ella,QLD,20245,priscilla@acme.co
Norris Senger,866.625.9624,Zella Shoal,Murrayport,WA,16278,joshp@acme.co
Genesis Bahringer,877-260-6710,Jude Islands,New Felicitamouth,TAS,95078,roshel@acme.co
Carey Torp,888.750.1297,Monroe View,Riceton,VIC,77296,zarah@acme.co
Erik Hermiston,1-877-530-7874,Celine Walk,Bradtkebury,QLD,68871,joshp@acme.co
Abner VonRueden,(855) 416-2810,Daugherty Locks,South Zandermouth,SA,26572,priscilla@acme.co
Nicholas Moen,1-866-235-0260,Braun Fords,Horaciostad,NT,98610,joshp@acme.co
Woodrow Lowe,877-576-4846,Buckridge Extensions,South Destany,ACT,7505,priscilla@acme.co
Toby Torphy,(866) 689-0864,Makenzie Prairie,North Rowenastad,WA,47060,john@acme.co
Gertrude Waters,844-288-5962,Marguerite Garden,South Rosemarieberg,VIC,65096,joshp@acme.co
Kelley Nienow,855.786.5895,Shanahan Mission,Rogahntown,VIC,70339,roshel@acme.co
Mathilde Kertzmann,1-844-542-4122,Will Loaf,Lemkemouth,QLD,86346,roshel@acme.co
Alessandra Kertzmann,1-844-357-2821,Caleb Stream,North Alysa,NT,61924,joshp@acme.co
Cassie Kemmer,1-866-687-6004,Kiera Vista,Jailynhaven,SA,36925,kaveen@acme.co
Kristy Konopelski,1-866-377-5770,Dameon River,Hanemouth,NT,65491,mike@acme.co
Candace Nader,888.774.9048,Jones Lights,Betsymouth,QLD,92036,mike@acme.co
Reyes Maggio,844.580.7570,Rau Falls,West Terence,WA,69922,john@acme.co
Mikayla Wiegand,(855) 567-3127,Lucio Rapids,South Ludie,SA,99330,mike@acme.co
Tianna Heathcote,(866) 565-7243,Reggie Crossroad,East Mariahview,TAS,58226,mike@acme.co
Katelin Schinner,877.509.5688,Savannah Village,New Cydneyshire,VIC,3092,john@acme.co
Opal Auer,1-866-587-0917,Keebler Mission,Lockmanside,VIC,70208,priscilla@acme.co
Imogene Robel,888.718.9596,Abbott Harbors,East Doris,ACT,17696,roshel@acme.co
Fredy Becker,1-877-836-1363,Odessa Drives,Howellside,VIC,19530,roshel@acme.co
Andrew Jakubowski,888.676.0313,Fay Manor,Bergstrombury,WA,88370,priscilla@acme.co
Trey Goyette,855.975.7153,Jones Inlet,North Zelma,SA,61345,john@acme.co
Lisa Frami,866.659.0565,Sporer Shore,Port Frederik,WA,22407,zarah@acme.co
Giovanna Hermann,1-888-338-6684,Grant Cape,Tillmanview,SA,98447,roshel@acme.co
Tyreek Kuhic,1-877-570-9988,Elsa Station,South Dinatown,QLD,75962,zarah@acme.co
Jacynthe Nikolaus,877.787.7792,Witting Camp,East Dallasburgh,TAS,23549,kaveen@acme.co
Mittie Reichel,844-258-2550,Tavares Plains,Lake Monica,SA,89559,kaveen@acme.co
Wallace Collier,877.613.6244,Joanny Run,Port Joany,NSW,35365,priscilla@acme.co
Noelia Smith,866-484-9007,Schowalter Bypass,Paxtonfurt,WA,60644,kaveen@acme.co
Jeromy Stokes,(855) 867-0887,Christop Forges,North Luciemouth,ACT,28759,zarah@acme.co
Fanny Abshire,(877) 937-6479,Demarcus Burg,Leilaview,VIC,77966,joshp@acme.co
Dayna Reynolds,(844) 538-7348,Coby Islands,Lake Leopoldtown,NSW,51812,kaveen@acme.co
Abdiel Kerluke,844.256.9074,Earl Divide,Port Rachelburgh,NT,70857,zarah@acme.co
Tristian Kilback,800.439.7127,Turcotte Run,South Alvinaberg,NSW,92748,john@acme.co
Willie Torphy,800.754.0439,Amelia Shoal,Emilieberg,WA,67864,roshel@acme.co
Eda Kuhn,1-866-420-1890,Greg Wall,Spinkaview,QLD,43771,roshel@acme.co
Victoria Legros,877-650-7597,Dietrich Mountains,West Missouriland,QLD,12561,kaveen@acme.co
Petra Predovic,(844) 563-9385,Borer Keys,Lehnerport,NT,1581,kaveen@acme.co
Norris Schiller,(844) 939-9509,Leon River,Lake Felixburgh,NT,48864,joshp@acme.co
Jaden Watsica,1-888-869-4059,Veum Freeway,Enolaport,SA,80294,priscilla@acme.co
Crystal Yost,855-898-5838,Ransom Mews,New Morton,SA,2894,mike@acme.co
Amanda Klocko,855-984-7561,Earline Park,Port Americo,TAS,41473,john@acme.co
Matilda Deckow,855.298.9893,Deborah Shoals,West Malvinaborough,NSW,18580,mike@acme.co
Judy Leannon,1-800-700-0390,Sydnee Via,Thaddeusmouth,QLD,22187,roshel@acme.co
Darion Tromp,1-866-820-8718,Gutmann Lights,West Aylintown,NT,91953,priscilla@acme.co
Samantha Turner,888.478.8737,Wintheiser Mountain,Lake Kane,ACT,35585,roshel@acme.co
Ernesto Leffler,844-542-3657,Hagenes Station,Karleeshire,TAS,50489,zarah@acme.co
Donnell Reilly,(866) 322-6904,Collins Walk,New Clarabelleton,ACT,17006,john@acme.co
Maud Harris,1-866-510-5553,Vandervort Bridge,New Aliyahbury,NSW,7215,mike@acme.co
Maurine Rippin,888-364-6557,Alexane Meadows,Malindaville,NSW,85491,john@acme.co
Elyse Blanda,(866) 495-5530,Thiel Heights,West Kellyfurt,VIC,64218,joshp@acme.co
Gia Smith,1-800-598-2120,Reichel Lodge,Keeblerstad,NT,97131,kaveen@acme.co
Kirsten Bruen,888-504-8402,Orville Manors,Hansenbury,VIC,43694,roshel@acme.co
Kelli Schowalter,(844) 691-7718,Corkery Avenue,East Jamiefurt,QLD,32821,priscilla@acme.co
Eileen Emard,888-783-7321,Berge Throughway,North Paula,SA,8861,kaveen@acme.co
Davin Smith,(800) 879-5470,Valerie Mountains,Keyshawnfurt,VIC,2160,zarah@acme.co
Marisol D,(877) 226-4637,Trevion Views,North Schuylerburgh,ACT,21363,joshp@acme.co
Vernie Grady,877-229-7315,Heidenreich Hills,Lueilwitzbury,NT,11013,zarah@acme.co
Brendon Corkery,800-575-4147,Fredy Road,Welchbury,ACT,81544,kaveen@acme.co
Lillian Walker,(800) 650-8872,Medhurst Knolls,Uptonhaven,SA,54474,zarah@acme.co
Eliezer Schiller,1-844-610-0758,Hillary Way,Eloisahaven,ACT,69091,kaveen@acme.co
Sierra Marvin,1-844-698-9735,Felipe Shores,East Amarichester,QLD,46420,john@acme.co
Conor Farrell,877-390-9429,Eliane Summit,North Aniyaview,VIC,74181,mike@acme.co
Aurelia Hermann,844.732.8101,Leffler Greens,Arliefort,QLD,3049,zarah@acme.co
Tania Dicki,800.897.0721,Schamberger Via,West Groverstad,SA,28927,john@acme.co
Rosie Langosh,844.660.6639,Goodwin Overpass,South Zena,TAS,93144,john@acme.co
Leonardo Lakin,877.976.7812,Ebert Crest,Bayleefurt,VIC,26247,priscilla@acme.co
Troy Zboncak,855-668-7845,Rosenbaum Estate,New Rodgerchester,SA,6335,roshel@acme.co
Jaleel Schaefer,800-853-3846,Loraine Roads,Robelview,WA,98713,roshel@acme.co
Jamaal Ebert,(888) 491-1715,Bode Squares,Abbottfurt,TAS,67843,joshp@acme.co
Faye Torp,888.981.0880,Mya Viaduct,Estaport,SA,59634,priscilla@acme.co
Nora Raynor,800.354.0534,Diana Views,West Stevefurt,ACT,73556,joshp@acme.co
Lydia Orn,(877) 752-3432,Sauer Passage,Christelleside,NT,25069,mike@acme.co
Aisha Lind,800-835-3647,Elisha Burgs,Port Erictown,QLD,2132,joshp@acme.co
Arnold Tremblay,877-971-0222,Minnie Turnpike,West Emersontown,WA,60543,zarah@acme.co
Tianna Maggio,800.763.5528,Schumm Lodge,Reichertburgh,TAS,31168,kaveen@acme.co
Hubert Eichmann,(800) 341-4191,Stanton Camp,Yasminborough,NT,86100,roshel@acme.co
Meagan Gleason,855-486-8024,Blanda Street,New Magnolia,TAS,22509,mike@acme.co
Amely Lowe,1-877-708-8952,Deonte Expressway,Dickinsonborough,ACT,23485,kaveen@acme.co
Breana Schiller,(877) 721-2214,Breitenberg Ville,Ledashire,NSW,27830,roshel@acme.co
Caleb Konopelski,800.454.5727,Moriah Avenue,North Cecile,QLD,71693,kaveen@acme.co
Alphonso Davis,1-855-255-3570,Olson Shoal,West Einarmouth,QLD,16119,priscilla@acme.co
Reva Wuckert,1-855-413-9970,Rowland Tunnel,Lake Chaunceymouth,ACT,79772,priscilla@acme.co
Rosemarie Schulist,1-888-476-8884,Freeda Avenue,North Sheachester,NT,47433,priscilla@acme.co
Lorenz Ratke,866-255-2372,Gusikowski Isle,Laishabury,WA,11312,roshel@acme.co
Cyrus Kreiger,888-287-1709,Jonas Village,Port Eldastad,TAS,41050,joshp@acme.co
Brent Muller,(877) 406-7317,Auer Roads,Estelfort,NT,18511,joshp@acme.co
Perry Goodwin,866.930.3875,Keebler Roads,Millieberg,NSW,27921,roshel@acme.co
Iliana Trantow,888.848.2913,Wehner Valleys,Juddshire,NSW,86097,priscilla@acme.co
Joanne Hills,(888) 690-1754,Garrett Trail,Port Lenna,WA,63386,joshp@acme.co
Gerard Spencer,877-673-8325,Russell Mission,Ritchiestad,NSW,3573,joshp@acme.co
Dexter Crona,(877) 499-8309,Stamm Ridge,North Maritza,SA,3783,zarah@acme.co
Clay Heathcote,855-302-8785,Tremaine Extension,East Bridgette,SA,54774,priscilla@acme.co
Eusebio Schinner,(877) 962-1733,Rupert Falls,Hirthemouth,QLD,65189,roshel@acme.co
Linda Kunde,877-449-5045,Taya Ports,Walshtown,NSW,8705,roshel@acme.co
Kelley Johnston,888-971-6486,Adonis Walks,Port Orlandotown,NSW,4936,joshp@acme.co
Saige Konopelski,1-800-330-4660,Sebastian Pass,New Agustinaport,NT,67559,joshp@acme.co
Ford Bruen,844-246-0652,Weimann Turnpike,New Kayla,NSW,141,joshp@acme.co
Madelynn Larkin,(866) 438-6173,Yazmin Heights,New Nellashire,SA,15618,john@acme.co
Alvera Beatty,844-238-8598,Enos Common,Barrowston,NSW,13479,mike@acme.co
Evans Corkery,(844) 379-3534,Victor Tunnel,Baileystad,NT,10561,roshel@acme.co
Elbert Jenkins,1-888-783-8172,Allie Harbors,Dawsonstad,WA,74473,kaveen@acme.co
Alexzander Ferry,866.352.7931,Schimmel Street,Morrisburgh,QLD,47297,joshp@acme.co
Warren Gottlieb,877.492.5249,Raul Point,Kossville,WA,96096,priscilla@acme.co
Joe Crooks,1-855-584-9598,Lelah Run,West Aliaport,ACT,35331,kaveen@acme.co
Delores Erdman,(844) 576-1863,Farrell Trail,Lake Rosieport,NSW,16113,roshel@acme.co
Rosalyn Pfeffer,800.428.2641,Zoey Ford,Ellsworthfort,VIC,43468,kaveen@acme.co
Itzel Jaskolski,800.518.3747,Erling Plain,Myrtieshire,NT,47634,mike@acme.co
Norris Sipes,1-855-384-9987,Alize Pine,Lake Dorianville,TAS,87137,priscilla@acme.co
Clifford Haag,855-756-1763,Terrell Manor,Lake Chloeland,NT,82360,zarah@acme.co
Diamond Marvin,(888) 486-8478,Lincoln Fall,Hickleville,WA,57586,john@acme.co
Jerome D,1-800-529-7823,Breitenberg Valley,New Matildamouth,SA,91636,mike@acme.co
Darrell Jakubowski,877-958-5744,Clementina Coves,Gleasonhaven,QLD,30353,priscilla@acme.co
Melissa Daugherty,866.647.6482,Douglas Estate,Londonchester,QLD,94386,kaveen@acme.co
Kari Greenholt,877-700-7279,Kulas Springs,Bogantown,TAS,73956,priscilla@acme.co
Monserrat Breitenberg,844-216-5595,Runte Junction,New Hermannborough,TAS,5107,kaveen@acme.co
Dannie Jakubowski,888.947.4581,Hand Causeway,East Karolannview,ACT,5861,zarah@acme.co
Brandt Hilpert,888-755-2480,Kiehn Roads,Stiedemannview,WA,51521,roshel@acme.co
Curt Dickinson,855-897-7754,Nella Springs,Port Francescoshire,VIC,15989,john@acme.co
Jude Emmerich,877.302.5334,Okuneva Pike,Scarlettville,NT,20452,john@acme.co
Zaria Denesik,888-665-9367,Mikel Haven,Dachmouth,QLD,40826,kaveen@acme.co
Lorena Friesen,1-877-752-4533,Rosanna Extensions,Selinaville,ACT,17246,zarah@acme.co
Riley Hane,855.391.6061,Medhurst Plaza,Rennerton,VIC,26950,zarah@acme.co
Brent Daniel,855.560.2097,Kareem Throughway,Heathcotehaven,NSW,45983,joshp@acme.co
Marie Dickinson,(888) 901-7881,Rolfson Neck,Heidenreichbury,SA,43432,kaveen@acme.co
Zelma Schaefer,1-855-513-6035,Toy Square,Mallieport,VIC,36918,kaveen@acme.co
Hershel Nolan,1-800-883-0722,Mosciski Forge,New Juston,WA,97268,john@acme.co
Shanny Skiles,(800) 215-4320,Johnston Well,Jodiefort,SA,55927,priscilla@acme.co
Lucienne Hansen,1-855-884-6887,Joe Mission,Schultzland,SA,10028,mike@acme.co
Salvatore Crist,855-621-4971,Littel Meadows,Schadenburgh,TAS,1854,mike@acme.co
Darrin Nolan,844.219.7482,Anibal Squares,Port Chasity,NSW,83995,priscilla@acme.co
Roderick Moore,877.446.1201,Josianne Lodge,Port Jarrett,QLD,32933,joshp@acme.co
Cordie Kozey,(855) 989-9061,Jovan Key,East Brendashire,NT,82731,john@acme.co
Jazmin Fadel,844-874-8442,Alejandra Islands,Rathborough,QLD,19891,priscilla@acme.co
Eudora Langworth,(877) 340-9306,Robbie Unions,Port Lilla,SA,93013,priscilla@acme.co
Stephon Buckridge,844-562-3816,Mitchell Throughway,Bauchbury,ACT,27145,roshel@acme.co
Kathleen Waelchi,(855) 818-5847,Walter Via,Abeberg,ACT,84583,priscilla@acme.co
Ali Heathcote,(866) 727-7570,Nyah Falls,East Enaburgh,SA,43838,priscilla@acme.co
Damaris Smitham,855.649.1932,Shanel Lakes,Mohrside,NSW,78728,priscilla@acme.co
Alessandra McClure,(888) 443-3724,Rachel Ford,Bergstromfurt,WA,48334,roshel@acme.co
Erika Tromp,800-862-2650,Noemy Ports,North Ricostad,WA,86484,john@acme.co
Maia Hartmann,888-884-3921,Hallie Centers,South Mariam,VIC,48752,joshp@acme.co
Maxime Gulgowski,800-518-1231,Corkery Bridge,Wilmerfurt,NSW,44107,zarah@acme.co
Keeley Marquardt,855-449-9853,Miracle Loop,North Ralph,SA,82203,roshel@acme.co
Chloe Wisozk,877-844-3392,Anissa Grove,Nolanberg,QLD,36999,priscilla@acme.co
Nat Beier,(800) 865-3895,Friesen Avenue,South Corene,WA,5919,john@acme.co
Fabian Turner,888.368.7000,Klein Pass,North Christianfort,ACT,13649,mike@acme.co
Tomasa Hodkiewicz,1-844-322-5535,Cale Forest,West Karli,NSW,34575,john@acme.co
Archibald Little,(888) 306-2855,Emily Islands,Port Lyla,NSW,55324,joshp@acme.co
Charlotte Lesch,(877) 374-5245,Predovic Mission,Lake Arnaldo,VIC,9505,john@acme.co
Connor Bernier,1-855-410-8648,Nikolas Springs,Port Rosaleeport,QLD,79762,priscilla@acme.co
Bernita Murazik,877.203.3939,Bartell Curve,Bellatown,NSW,84862,mike@acme.co
Adelbert Ryan,855.516.9624,Chasity Island,Wellingtonton,ACT,50826,john@acme.co
Caleigh Green,866-436-6832,Stoltenberg Course,Londonville,NSW,79253,kaveen@acme.co
Jaylon Moore,866-306-5948,Bashirian Unions,Rogahntown,ACT,61635,mike@acme.co
Hildegard Klein,1-800-376-4608,Altenwerth Grove,Laurinechester,NT,91849,zarah@acme.co
Zita Kulas,(855) 293-7867,Mueller Stravenue,Lake Marjolaine,WA,77579,joshp@acme.co
Keenan Harber,1-888-990-1676,Heathcote Shores,East Dillon,NSW,75706,zarah@acme.co
Nola Cormier,(888) 624-3034,Baumbach Field,Efrainville,SA,81976,kaveen@acme.co
Albertha Fahey,877.274.0307,Theresia Isle,Aglaeview,QLD,60509,zarah@acme.co
Blaise Collins,1-877-670-1920,Heller Lakes,Preciousborough,NT,61903,mike@acme.co
Lilly Hand,1-855-662-0253,Emmerich Manor,Port Grace,NT,85413,zarah@acme.co
Kiana Conn,877-616-5750,Torrey Center,Schroederview,NSW,47468,joshp@acme.co
Jonathan Zboncak,(800) 562-3343,Mohr Shoal,Brannonland,VIC,5511,john@acme.co
Margarete Turner,1-866-895-0005,Marjory Divide,West Heathshire,ACT,77852,zarah@acme.co
Maudie Kub,(844) 646-9501,Brent Locks,Eusebioport,WA,70005,priscilla@acme.co
Irving DuBuque,866.428.3993,Rolfson Ford,Joshuahchester,NSW,19113,mike@acme.co
Brenden Greenholt,1-888-520-7929,Rosie Station,Rogahnhaven,ACT,22360,zarah@acme.co
Talia Berge,866-272-9554,Adolphus Branch,New Mekhi,NT,83882,john@acme.co
Faustino Padberg,(844) 282-5593,Gerardo Key,Funkmouth,QLD,51711,joshp@acme.co
Tiffany Rolfson,(800) 556-6309,Miller Hill,Sophiaville,ACT,67124,roshel@acme.co
Antonietta Russel,(800) 651-1373,Tressa Walks,Gerlachview,QLD,73919,john@acme.co
Otilia Johnston,(888) 771-4276,Dare Pines,Abigayletown,TAS,72152,roshel@acme.co
Kacie Abbott,1-844-703-0599,Labadie Forge,East Isaac,SA,95579,joshp@acme.co
Mona Kiehn,844.850.3065,Rath Path,New Gregory,ACT,87300,kaveen@acme.co
Dayne Johnson,(855) 866-3923,Mozell Union,Ezequielmouth,WA,7671,priscilla@acme.co
Nola Kerluke,(877) 854-8560,Kemmer Spring,North Bettyeborough,NSW,51093,kaveen@acme.co
Nicola Welch,855.963.9583,Minnie Plains,West Blancastad,WA,34329,roshel@acme.co
Antwon Pacocha,844-330-7079,Brandon Forges,West Hughhaven,SA,53739,zarah@acme.co
Vella Mraz,866.264.4004,Kirlin Ville,New Laverneborough,VIC,63309,roshel@acme.co
Vergie Mills,1-877-290-0727,Franecki Groves,South Simone,WA,5236,roshel@acme.co
Dallin Brakus,1-800-470-2082,Zane Row,Oswaldoside,NT,79497,joshp@acme.co
Kylee Emmerich,844.482.2591,Lehner Club,Goldenport,TAS,58041,zarah@acme.co
Earnestine Wilderman,800.516.5095,Winifred Square,North Ericaview,WA,10741,kaveen@acme.co
Cielo Gerhold,1-855-944-1882,Henriette Estates,Port Graceside,QLD,57542,priscilla@acme.co
Angelica Ratke,877.649.2982,Zola Corners,Elwintown,WA,20944,roshel@acme.co
Melyna Tromp,844.773.5971,Bayer Course,Jastmouth,WA,77581,roshel@acme.co
Merlin Torp,(855) 717-9818,Enos Bypass,East Dessieland,ACT,70119,joshp@acme.co
Micheal Emard,877.453.0037,Daisy Keys,Jastshire,WA,36627,roshel@acme.co
Lavinia Hermiston,855-568-8988,Olson Parkways,Kendallburgh,ACT,83745,john@acme.co
Oda Klocko,1-844-626-2891,Mellie Stravenue,East Paulmouth,VIC,65932,priscilla@acme.co
Gregoria Murphy,877.276.8092,Woodrow Run,East Brandon,NT,54056,zarah@acme.co
Jaiden Cruickshank,800.446.8268,O'Connell Mills,Ebonymouth,TAS,63267,john@acme.co
Keenan Lynch,1-866-908-4314,Ankunding Street,West Kristinton,TAS,44710,roshel@acme.co
Dashawn Mayert,1-800-826-8614,Gibson Villages,Port Lorenz,TAS,82751,joshp@acme.co
Beau Rodriguez,855-341-4893,Mayert View,Lueilwitzhaven,QLD,22494,zarah@acme.co
Thora Brown,(888) 496-9649,Clovis Estate,Lemkestad,NSW,60847,joshp@acme.co
Dorris Johnson,888.866.2315,Runolfsson Shore,New Huldachester,TAS,36714,kaveen@acme.co
Martin Brown,1-844-634-5556,Gibson Way,New Shad,NT,1628,roshel@acme.co
Kelly Quigley,855-229-0292,Olin Rapid,Lake Waldoland,NSW,50296,priscilla@acme.co
Loyce Douglas,800-836-4370,Judd Corner,Maziechester,WA,75426,zarah@acme.co
Germaine Crona,844-600-9751,Kuhn Station,North Elvis,SA,22378,kaveen@acme.co
Robbie Block,(800) 847-5019,Kyler Creek,Stantonburgh,VIC,39972,john@acme.co
Litzy Cormier,(844) 763-5542,Dickinson Mountains,New Amyaport,WA,35793,zarah@acme.co
Madelyn Yundt,844-312-7733,Sandy Causeway,Jaskolskibury,SA,31562,john@acme.co
Stevie Beier,(844) 856-6379,Wisoky Junctions,Stammfurt,ACT,69892,john@acme.co
Harmony Reinger,1-844-702-3745,Schmeler Way,East Ashleigh,WA,76834,mike@acme.co
Alyce Wunsch,866-794-1111,Florian Alley,Drakebury,NT,61538,priscilla@acme.co
Rey Grant,877-478-2180,Warren Spur,North Gene,TAS,95402,john@acme.co
Derrick Macejkovic,(855) 597-2787,Brisa Wells,Vernicefort,QLD,13363,john@acme.co
Alexanne Spencer,1-844-888-8685,Braun Springs,Jadenfurt,TAS,62979,joshp@acme.co
Clemmie Krajcik,1-844-543-1829,Paige Extensions,Thompsonport,WA,13258,john@acme.co
Jody Halvorson,888-517-7372,Kunze Springs,Wallacemouth,ACT,73300,joshp@acme.co
Juvenal Von,855.460.5497,Keeley Street,Parisside,ACT,45087,kaveen@acme.co
Beryl Purdy,844.696.1373,Wiza Walks,Germanmouth,SA,3505,roshel@acme.co
Santina Koch,(877) 647-3072,Becker Ville,Aliciatown,TAS,92454,zarah@acme.co
Evangeline Funk,1-800-546-4183,Effie Flats,Everettetown,SA,11427,zarah@acme.co
Tevin Hickle,888-668-1072,Spencer Forge,South Sophie,ACT,27248,mike@acme.co
Watson Dietrich,1-866-777-5281,Ivy Path,Darenberg,WA,17708,mike@acme.co
Taya Cummings,866-843-4115,Ulises Expressway,East Johathanfort,NT,30862,john@acme.co
Anna Little,855.568.3571,Jacobson Highway,West Rahsaanmouth,ACT,17410,mike@acme.co
Kamryn Kertzmann,1-877-471-2200,Cornell Bypass,North Cleveland,VIC,50575,zarah@acme.co
Katharina Farrell,866.212.3487,Gleichner Corner,Nicolasshire,VIC,10751,john@acme.co
Owen Boehm,(855) 359-1945,Dayne Keys,West Granville,QLD,79678,zarah@acme.co
Ramiro O,877-931-4223,Treutel Mall,Ardithton,SA,91393,priscilla@acme.co
Schuyler Kerluke,1-800-517-6054,Earnest Estate,Asiaborough,NT,87542,kaveen@acme.co
Jamil Hoeger,800.413.5807,Kihn Lakes,North Asaview,VIC,36307,priscilla@acme.co
Adolphus Russel,(866) 478-8073,Bahringer Summit,Trompfort,TAS,27497,john@acme.co
Jaiden Green,1-855-472-7048,Yasmin Inlet,East Ivory,NT,93753,john@acme.co
Marquise Towne,(855) 459-8346,Quinton Cape,Itzelborough,ACT,36344,john@acme.co
Modesta Durgan,866-382-6345,Pouros Drive,New Lauren,SA,11303,kaveen@acme.co
Heloise Windler,1-844-740-3949,Aditya Knolls,North Robert,VIC,13863,kaveen@acme.co
Daisy Zemlak,(800) 385-8043,Felipa Camp,Donavontown,NSW,84471,john@acme.co
Jaleel Little,1-844-506-7030,Osborne Mountain,Briantown,VIC,24737,roshel@acme.co
Aletha Orn,888.225.2438,Kessler Divide,Borerhaven,NT,81518,roshel@acme.co
Roberta Tillman,1-844-412-8820,Goldner Stream,Laurentown,NSW,10265,priscilla@acme.co
Geraldine King,866-901-8210,Nader Park,South Unahaven,NT,26836,john@acme.co
Kimberly Bogisich,1-855-752-6309,Orland Garden,South Lianaland,ACT,12726,john@acme.co
Paige Wiegand,(888) 299-0183,Logan Road,North Aleenfort,NSW,65292,john@acme.co